[\\mb-fps3\Data\Data_T2\Res_Sa2_25\Res_In3_25.225|0|0],"","",""
IDENT.Ident311,"9525-2854 Québec Inc.","","Corporation's name"
IDENT.Ident120,"2024-09-20","","Line 060 - Tax year start date"
IDENT.Ident121,"2025-03-31","","Line 061 – Tax year-end"
IDENT.Ident240,"Y","","Line 070 – Is this the first year of filing after incorporation?"
IDENT.Ident128,"2024-09-20","","Date on which the corporation was formed"
IDENT.Ident7,"71004 5758 RC0001","","Line 001 – Business number (BN)"
IDENT.Ident60,"1180201031","","Québec – Québec enterprise number (NEQ)"
IDENT.Ident61,"1232066977 IC 0001","","Québec – Identification number"
IDENT.Ident160,"1","","Line 040 – Type of corporation at the end of the tax year"
IDENT.Ident184,"4548 Papineau","","Address (line 1) – Head office"
IDENT.Ident447,"4548","","Information specific to the T1134, MR-69, TP-21.4.39 and TP-1079.8.BE forms – Street number"
IDENT.Ident448,"Papineau","","Information specific to the T1134, MR-69, TP-21.4.39 and TP-1079.8.BE forms – Street name, P.O. box"
IDENT.Ident186,"Montreal","","City – Head office"
IDENT.Ident187,"QC","","Province – Head office"
IDENT.Ident189,"H2H 1V3","","Postal Code – Head office"
IDENT.Ident195,"4548 Papineau","","Line 021 – Mailing address – C/O"
IDENT.Ident198,"Montreal","","Line 025 – Mailing address – City"
IDENT.Ident199,"QC","","Line 026 – Mailing address – Province, territory, or state"
IDENT.Ident201,"H2H 1V3","","Line 028 – Mailing address – Postal Code"
IDENT.Ident338,"Y","","Line 030 – Has this address changed since the last time the CRA was notified?"
IDENT.Ident204,"4548 Papineau","","Line 031 – Location of books and records – Address – line 1"
IDENT.Ident206,"Montreal","","Line 035 – Location of books and records – City"
IDENT.Ident207,"QC","","Line 036 – Location of books and records – Province, territory, or state"
IDENT.Ident209,"H2H 1V3","","Line 038 – Location of books and records – Postal Code"
IDENT.Ident422,"722511","","What is the corporation's main revenue-generating business activity?"
IDENT.Ident254,"Restaurant","","Line 284 – Specify the principal products mined, manufactured, sold, constructed, or services provided"
IDENT.Ident257,"1.00000","","Line 285 – Give approximate percentage of the total revenue that product or service at line 284 represents."
IDENT.Ident212,"Sandhu","","Line 950 – Authorized signing officer of the corporation – Last name"
IDENT.Ident213,"Gurpreet Singh","","Line 951 – Authorized signing officer of the corporation – First name"
IDENT.Ident214,"Treasurer","","Line 954 – Authorized signing officer of the corporation – Position, office, or rank"
T2HeaderFile.SchedProdDate,"2025-09-25","","Authorized signing officer of the corporation – Date of signing"
IDENT.Ident310,"(514) 887-8685","","Line 956 – Authorized signing officer of the corporation – Phone"
IDENT.Ident224,"Y","","Line 957 – Is the contact person the same as the authorized signing officer? "
FDTED.TTwted12,"0","","Status – Accepted – Transmission service used – Québec"
GFGIB.Ttwgib1,"9525-2854 Québec Inc.","","Name of the corporation"
GFGIB.Ttwgib7,"2025-03-31","","Taxation year end"
GFGBA.Ttwgba62,"29,214","","GIFI code 1000 – Cash and deposits"
GFGBA.Ttwgba74,"35,383","","GIFI code 1066 – Taxes receivable"
GFGBA.Ttwgba86,"50,255","","GIFI code 1120 – Inventories"
GFGBA.Ttwgba127,"6,114","","GIFI code 1484 – Prepaid expenses"
GFGBA.Ttwgba129,"11,614","","GIFI code 1486 – Security/tender deposits"
GFGBB.Ttwgbb111,"52,633","","Tangible capital property – GIFI code 1740 – Machinery, equipment, furniture, and fixtures"
GFGBB.Ttwgbb163,"346","","GIFI code 1741 – Accumulated amortization of machinery, equipment, furniture, and fixtures"
GFGBB.Ttwgbb128,"4,916","","Tangible capital property – GIFI code 1774 – Computer equipment/software"
GFGBB.Ttwgbb180,"48","","GIFI code 1775 – Accumulated amortization of computer equipment/software"
GFGBB.Ttwgbb135,"31,858","","Tangible capital property – GIFI code 1787 – Furniture and fixtures"
GFGBB.Ttwgbb186,"209","","GIFI code 1788 – Accumulated amortization of furniture and fixtures"
GFGBB.Ttwgbb137,"62,947","","Tangible capital property – GIFI code 1900 – Other tangible capital assets"
GFGBB.Ttwgbb188,"414","","GIFI code 1901 – Accumulated amortization of other tangible capital assets"
GFGBB.Ttwgbb146,"133,238","","Tangible capital property – GIFI code 1918 – Leasehold improvements"
GFGBB.Ttwgbb197,"256","","GIFI code 1919 – Accumulated amortization of leasehold improvements"
GFGBG.Ttwgbg41,"156,361","","GIFI code 2620 – Amounts payable and accrued liabilities"
GFGBG.Ttwgbg49,"4,598","","GIFI code 2628 – Withholding taxes payable"
GFGBG.Ttwgbg68,"107,482","","GIFI code 2860 – Due to related parties"
GFGBH.Ttwgbh56,"154,030","","GIFI code 3262 – Due to corporate shareholder(s)"
GFGBI.Ttwgbi10,"150","","GIFI code 3500 – Common shares"
GFBGII[1].GFGIJ.Ttwgij68,"60,618","","GIFI code 8000 – Amount – Trade sales of goods and services"
GFBGII[1].GFGIK.Ttwgik52,"28,339","","GIFI code 8320 – Amount – Purchases/cost of materials"
GFBGII[1].GFGIK.Ttwgik90,"460","","GIFI code 8461 – Amount – Overhead expenses allocated to cost of sales"
GFBGII[1].GFGIL.Ttwgil120,"3,819","","GIFI code 8520 – Amount – Advertising and promotion"
GFBGII[1].GFGIL.Ttwgil137,"1,273","","GIFI code 8670 – Amount – Amortization of tangible assets"
GFBGII[1].GFGIL.Ttwgil138,"4,075","","GIFI code 8690 – Amount – Insurance"
GFBGII[1].GFGIL.Ttwgil141,"160","","GIFI code 8710 – Amount – Interest and bank charges"
GFBGII[1].GFGIL.Ttwgil154,"1,964","","GIFI code 8760 – Amount – Business taxes, licences, and memberships"
GFBGII[1].GFGIL.Ttwgil162,"1,789","","GIFI code 8810 – Amount – Office expenses"
GFBGII[1].GFGIL.Ttwgil196,"5,394","","GIFI code 8960 – Amount – Repairs and maintenance"
GFBGII[1].GFGIL.Ttwgil208,"17,018","","GIFI code 9060 – Amount – Salaries and wages"
GFBGII[1].GFGIL.Ttwgil221,"1,691","","GIFI code 9134 – Amount – Laundry"
GFBGII[1].GFGIL.Ttwgil232,"8","","GIFI code 9220 – Amount – Utilities"
GFBGII[1].GFGIL.Ttwgil239,"350","","GIFI code 9270 – Amount – Other expenses"
GFGHA.Ttwgha9,"1","","Can you identify the person specified in the heading of Part 1? If you answered no, go to part 2."
GFGHA.Ttwgha21,"Y","","Does that person have a professional designation in accounting?"
GFGHA.Ttwgha24,"N","","Is that person connected with the corporation?"
GFGHA.Ttwgha50,"Y","","Conducted a compilation engagement"
GFGHA.Ttwgha7,"N","","Were notes to the financial statements prepared?"
GFGHA.Ttwgha11,"2","","Did the corporation have any subsequent events?"
GFGHA.Ttwgha12,"2","","Did the corporation re-evaluate its assets during the tax year?"
GFGHA.Ttwgha13,"2","","Did the corporation have any contingent liabilities during the tax year?"
GFGHA.Ttwgha14,"2","","Did the corporation have any commitments during the tax year?"
GFGHA.Ttwgha15,"N","","Does the corporation have investments in joint venture(s) or partnership(s)?"
GFGHA.Ttwgha31,"2","","In any of the following assets, was an amount recognized in net income or other comprehensive income (OCI) as a result of an impairment loss in the tax year, a reversal of an impairment loss recognized in a previous tax year, or a change in fair value during the tax year?"
GFGHA.Ttwgha42,"2","","Did the corporation derecognize any financial instrument(s) during the tax year (other than trade receivables)?"
GFGHA.Ttwgha43,"2","","Did the corporation apply hedge accounting during the tax year?"
GFGHA.Ttwgha44,"2","","Did the corporation discontinue hedge accounting during the tax year?"
GFGHA.Ttwgha45,"2","","Was an amount included in the opening balance of retained earnings or equity, in order to correct an error, to recognize a change in accounting policy, or to adopt a new accounting standard in the current tax year?"
GFGOA.Ttwgoa62,"150","","GIFI code 1000 – Cash and deposits"
GFGOI.Ttwgoi10,"150","","GIFI code 3500 – Common shares"
MJRAW.SLIPA[2].TtwrawA594,"","","Total capital cost of eligible property"
MJRAW.SLIPA[2].TtwrawA597,"-3,147","","Net income for income tax purposes"
MJRAW.SLIPA[2].TtwrawA306,"0","","Part I tax payable"
MJRAW.SLIPA[3].TtwrawA594,"","","Total capital cost of eligible property"
MJRAW.SLIPA[3].TtwrawA597,"-665,484","","Net income for income tax purposes"
MJRAW.SLIPA[3].TtwrawA306,"0","","Part I tax payable"
MJRAW.SLIPA[4].TtwrawA594,"","","Total capital cost of eligible property"
MJRAW.SLIPA[4].TtwrawA597,"112,788","","Net income for income tax purposes"
MJRAW.SLIPA[4].TtwrawA306,"12,155","","Part I tax payable"
MJRAW.SLIPA[5].TtwrawA594,"","","Total capital cost of eligible property"
MJRAW.SLIPA[5].TtwrawA597,"390,551","","Net income for income tax purposes"
MJRAW.SLIPA[5].TtwrawA306,"8,318","","Part I tax payable"
MJRAW.SLIPA[6].TtwrawA594,"","","Total capital cost of eligible property"
MJRAW.SLIPA[6].TtwrawA597,"-32,467","","Net income for income tax purposes"
MJRAW.SLIPA[6].TtwrawA306,"0","","Part I tax payable"
MJRAW.SLIPA[7].TtwrawA594,"","","Total capital cost of eligible property"
MJRAW.SLIPA[7].TtwrawA597,"-21,235","","Net income for income tax purposes"
MJRAW.SLIPA[7].TtwrawA306,"0","","Part I tax payable"
MJRAW.SLIPA[8].TtwrawA594,"","","Total capital cost of eligible property"
MJRAW.SLIPA[8].TtwrawA597,"312,963","","Net income for income tax purposes"
MJRAW.SLIPA[8].TtwrawA306,"35,338","","Part I tax payable"
MJRAW.SLIPA[9].TtwrawA594,"","","Total capital cost of eligible property"
MJRAW.SLIPA[9].TtwrawA597,"-13,045","","Net income for income tax purposes"
MJRAW.SLIPA[9].TtwrawA306,"0","","Part I tax payable"
MJRAW.SLIPA[10].TtwrawA594,"","","Total capital cost of eligible property"
MJRAW.SLIPA[10].TtwrawA597,"28,760","","Net income for income tax purposes"
MJRAW.SLIPA[10].TtwrawA306,"2,864","","Part I tax payable"
MJRAW.SLIPA[11].TtwrawA594,"","","Total capital cost of eligible property"
MJRAW.SLIPA[11].TtwrawA597,"-3,065","","Net income for income tax purposes"
MJRAW.SLIPA[11].TtwrawA306,"0","","Part I tax payable"
MJRAW.SLIPA[12].TtwrawA594,"","","Total capital cost of eligible property"
MJRAW.SLIPA[12].TtwrawA597,"-3,015","","Net income for income tax purposes"
MJRAW.SLIPA[12].TtwrawA306,"0","","Part I tax payable"
MJRAW.SLIPA[13].TtwrawA594,"","","Total capital cost of eligible property"
MJRAW.SLIPA[13].TtwrawA597,"577,222","","Net income for income tax purposes"
MJRAW.SLIPA[13].TtwrawA306,"0","","Part I tax payable"
MJRAW.SLIPA[14].TtwrawA594,"","","Total capital cost of eligible property"
MJRAW.SLIPA[14].TtwrawA597,"691,770","","Net income for income tax purposes"
MJRAW.SLIPA[14].TtwrawA306,"37,516","","Part I tax payable"
MJRAW.SLIPA[15].TtwrawA594,"","","Total capital cost of eligible property"
MJRAW.SLIPA[15].TtwrawA597,"-465,609","","Net income for income tax purposes"
MJRAW.SLIPA[15].TtwrawA306,"0","","Part I tax payable"
MJRAW.SLIPA[2].TtwrawA596,"","","Total capital cost of eligible property"
MJRAW.SLIPA[2].TtwrawA599,"","","Net income for Alberta purposes"
MJRAW.SLIPA[2].TtwrawA132,"0","","Alberta tax payable"
MJRAW.SLIPA[3].TtwrawA596,"","","Total capital cost of eligible property"
MJRAW.SLIPA[3].TtwrawA599,"","","Net income for Alberta purposes"
MJRAW.SLIPA[3].TtwrawA132,"0","","Alberta tax payable"
MJRAW.SLIPA[4].TtwrawA596,"","","Total capital cost of eligible property"
MJRAW.SLIPA[4].TtwrawA599,"","","Net income for Alberta purposes"
MJRAW.SLIPA[4].TtwrawA132,"0","","Alberta tax payable"
MJRAW.SLIPA[5].TtwrawA596,"","","Total capital cost of eligible property"
MJRAW.SLIPA[5].TtwrawA599,"","","Net income for Alberta purposes"
MJRAW.SLIPA[5].TtwrawA132,"0","","Alberta tax payable"
MJRAW.SLIPA[6].TtwrawA596,"","","Total capital cost of eligible property"
MJRAW.SLIPA[6].TtwrawA599,"","","Net income for Alberta purposes"
MJRAW.SLIPA[6].TtwrawA132,"0","","Alberta tax payable"
MJRAW.SLIPA[7].TtwrawA596,"","","Total capital cost of eligible property"
MJRAW.SLIPA[7].TtwrawA599,"","","Net income for Alberta purposes"
MJRAW.SLIPA[7].TtwrawA132,"0","","Alberta tax payable"
MJRAW.SLIPA[8].TtwrawA596,"","","Total capital cost of eligible property"
MJRAW.SLIPA[8].TtwrawA599,"","","Net income for Alberta purposes"
MJRAW.SLIPA[8].TtwrawA132,"0","","Alberta tax payable"
MJRAW.SLIPA[9].TtwrawA596,"","","Total capital cost of eligible property"
MJRAW.SLIPA[9].TtwrawA599,"","","Net income for Alberta purposes"
MJRAW.SLIPA[9].TtwrawA132,"0","","Alberta tax payable"
MJRAW.SLIPA[10].TtwrawA596,"","","Total capital cost of eligible property"
MJRAW.SLIPA[10].TtwrawA599,"","","Net income for Alberta purposes"
MJRAW.SLIPA[10].TtwrawA132,"0","","Alberta tax payable"
MJRAW.SLIPA[11].TtwrawA596,"","","Total capital cost of eligible property"
MJRAW.SLIPA[11].TtwrawA599,"","","Net income for Alberta purposes"
MJRAW.SLIPA[11].TtwrawA132,"0","","Alberta tax payable"
MJRAW.SLIPA[12].TtwrawA596,"","","Total capital cost of eligible property"
MJRAW.SLIPA[12].TtwrawA599,"","","Net income for Alberta purposes"
MJRAW.SLIPA[12].TtwrawA132,"0","","Alberta tax payable"
MJRAW.SLIPA[13].TtwrawA596,"","","Total capital cost of eligible property"
MJRAW.SLIPA[13].TtwrawA599,"","","Net income for Alberta purposes"
MJRAW.SLIPA[13].TtwrawA132,"0","","Alberta tax payable"
MJRAW.SLIPA[14].TtwrawA596,"","","Total capital cost of eligible property"
MJRAW.SLIPA[14].TtwrawA599,"","","Net income for Alberta purposes"
MJRAW.SLIPA[14].TtwrawA132,"0","","Alberta tax payable"
MJRAW.SLIPA[15].TtwrawA596,"","","Total capital cost of eligible property"
MJRAW.SLIPA[15].TtwrawA599,"","","Net income for Alberta purposes"
MJRAW.SLIPA[15].TtwrawA132,"0","","Alberta tax payable"
CCACat.FD08C[1].FED.Ttw08cA1,"8","","Class number"
CCACat.FD08C[1].FED.Ttw08cA3,"Machinery & equipment","","Description"
CCACat.FD08C[1].FED.Ttw08cA9,"52,633","","Federal – Additions (property subject to subsection 1100(2) ITR)"
CCACat.FD08C[2].FED.Ttw08cA1,"8","","Class number"
CCACat.FD08C[2].FED.Ttw08cA3,"Furniture & Fixtures","","Description"
CCACat.FD08C[2].FED.Ttw08cA9,"31,858","","Federal – Additions (property subject to subsection 1100(2) ITR)"
CCACat.FD08C[3].FED.Ttw08cA1,"50","","Class number"
CCACat.FD08C[3].FED.Ttw08cA3,"Data processing equipment","","Description"
CCACat.FD08C[3].FED.Ttw08cA9,"4,916","","Federal – Additions (property subject to subsection 1100(2) ITR)"
CCACat.FD08C[4].FED.Ttw08cA1,"12","","Class number"
CCACat.FD08C[4].FED.Ttw08cA3,"Smallwares","","Description"
CCACat.FD08C[4].FED.Ttw08cA145,"N","","Additions (property subject to subsection 1100(2) ITR) – Select this check box if the property in class 12 is subject to subsection 1100(2) ITR"
CCACat.FD08C[4].FED.Ttw08cA10,"62,947","","Federal – Additions (property not subject to subsection 1100(2) ITR)"
CCACat.FD08C[5].FED.Ttw08cA1,"13","","Class number"
CCACat.FD08C[5].FED.Ttw08cA3,"Leasehold improvements","","Description"
CCACat.FD08C[5].FED.Ttw08cA9,"133,238","","Federal – Additions (property subject to subsection 1100(2) ITR)"
CCACat.FD08C[5].FED.Ttw08cA55,"2035-03-31","","Termination date of the lease (including next renewal term)"
FDCFF.Ttwcff35,"Y","","Do you want Form Fixed Assets Reconciliation to be applicable?"
MJRAW.SLIPA[2].TtwrawA4,"3","","Relationship code"
MJRAW.SLIPA[3].TtwrawA4,"3","","Relationship code"
MJRAW.SLIPA[4].TtwrawA4,"3","","Relationship code"
MJRAW.SLIPA[5].TtwrawA4,"3","","Relationship code"
MJRAW.SLIPA[6].TtwrawA4,"3","","Relationship code"
MJRAW.SLIPA[7].TtwrawA4,"3","","Relationship code"
MJRAW.SLIPA[8].TtwrawA4,"3","","Relationship code"
MJRAW.SLIPA[9].TtwrawA4,"3","","Relationship code"
MJRAW.SLIPA[10].TtwrawA4,"3","","Relationship code"
MJRAW.SLIPA[11].TtwrawA4,"3","","Relationship code"
MJRAW.SLIPA[12].TtwrawA4,"3","","Relationship code"
MJRAW.SLIPA[13].TtwrawA4,"3","","Relationship code"
MJRAW.SLIPA[14].TtwrawA4,"3","","Relationship code"
MJRAW.SLIPA[15].TtwrawA4,"3","","Relationship code"
MJRAW.SLIPA[1].TtwrawA470,"150","","Paid-up capital of prior taxation year"
MJRAW.SLIPA[2].TtwrawA344,"Y","","Always keep the link and offer to restore it when in error"
MJRAW.SLIPA[2].TtwrawA16,"1","","Association code"
MJRAW.SLIPA[2].TtwrawA458,"2,242","","Taxable capital employed in Canada for the preceding taxation year"
MJRAW.SLIPA[2].TtwrawA524,"0","","Taxable income of prior taxation year"
MJRAW.SLIPA[2].TtwrawA22,"0","","Reduced business limit of the last taxation year ending in the preceding calendar year"
MJRAW.SLIPA[2].TtwrawA372,"2,242","","Taxable capital employed in Canada in the last taxation year"
MJRAW.SLIPA[2].TtwrawA308,"0","","Total adjusted aggregate investment income for taxation years that end in the preceding calendar year"
MJRAW.SLIPA[2].TtwrawA460,"2,242","","Assets as per the financial statements of the prior taxation year"
MJRAW.SLIPA[2].TtwrawA527,"1.000000","","Percentage allocated"
MJRAW.SLIPA[2].TtwrawA482,"50,000","","Allocation of the basic amount for the taxation year"
MJRAW.SLIPA[2].TtwrawA159,"2023-04-01","","Previous taxation year-start"
MJRAW.SLIPA[2].TtwrawA160,"2024-03-31","","Previous taxation year-end"
MJRAW.SLIPA[2].TtwrawA1,"9357-7427 Québec Inc.","","Name of associated eligible persons and partnerships"
MJRAW.SLIPA[2].TtwrawA3,"72098 0895 RC0001","","Business number of the associated corporations"
MJRAW.SLIPA[2].TtwrawA196,"2024-04-01","","Taxation year-start"
MJRAW.SLIPA[2].TtwrawA74,"2025-03-31","","Taxation year-end"
MJRAW.SLIPA[2].TtwrawA459,"967","","Taxable capital employed in Canada for the year"
MJRAW.SLIPA[2].TtwrawA463,"2,242","","Schedule 511 – Total assets in the last taxation year"
MJRAW.SLIPA[2].TtwrawA464,"207,467","","Schedule 511 – Total assets for the year"
MJRAW.SLIPA[2].TtwrawA153,"1172652902","","Québec enterprise number (NEQ)"
MJRAW.SLIPA[2].TtwrawA154,"1224631282 IC 0001","","Québec identification number"
MJRAW.SLIPA[2].TtwrawA470,"2,242","","Paid-up capital of prior taxation year"
MJRAW.SLIPA[2].TtwrawA13,"460","","Assets as per the financial statements of the second prior taxation year"
MJRAW.SLIPA[2].TtwrawA162,"President","","Title or position of authorized representative"
MJRAW.SLIPA[2].TtwrawA574,"31,929","","Gross revenue of the corporation for the second preceding taxation year"
MJRAW.SLIPA[3].TtwrawA344,"Y","","Always keep the link and offer to restore it when in error"
MJRAW.SLIPA[3].TtwrawA16,"1","","Association code"
MJRAW.SLIPA[3].TtwrawA458,"7,374,910","","Taxable capital employed in Canada for the preceding taxation year"
MJRAW.SLIPA[3].TtwrawA524,"0","","Taxable income of prior taxation year"
MJRAW.SLIPA[3].TtwrawA22,"0","","Reduced business limit of the last taxation year ending in the preceding calendar year"
MJRAW.SLIPA[3].TtwrawA372,"7,374,910","","Taxable capital employed in Canada in the last taxation year"
MJRAW.SLIPA[3].TtwrawA308,"0","","Total adjusted aggregate investment income for taxation years that end in the preceding calendar year"
MJRAW.SLIPA[3].TtwrawA460,"7,602,354","","Assets as per the financial statements of the prior taxation year"
MJRAW.SLIPA[3].TtwrawA527,"1.000000","","Percentage allocated"
MJRAW.SLIPA[3].TtwrawA575,"188,197","","Gross revenue of the corporation for the preceding taxation year"
MJRAW.SLIPA[3].TtwrawA482,"50,000","","Allocation of the basic amount for the taxation year"
MJRAW.SLIPA[3].TtwrawA159,"2023-04-01","","Previous taxation year-start"
MJRAW.SLIPA[3].TtwrawA160,"2024-03-31","","Previous taxation year-end"
MJRAW.SLIPA[3].TtwrawA1,"9366-1676 Quebec Inc.","","Name of associated eligible persons and partnerships"
MJRAW.SLIPA[3].TtwrawA3,"79253 9314 RC0001","","Business number of the associated corporations"
MJRAW.SLIPA[3].TtwrawA196,"2024-04-01","","Taxation year-start"
MJRAW.SLIPA[3].TtwrawA74,"2025-03-31","","Taxation year-end"
MJRAW.SLIPA[3].TtwrawA459,"7,345,159","","Taxable capital employed in Canada for the year"
MJRAW.SLIPA[3].TtwrawA463,"7,602,354","","Schedule 511 – Total assets in the last taxation year"
MJRAW.SLIPA[3].TtwrawA464,"7,654,497","","Schedule 511 – Total assets for the year"
MJRAW.SLIPA[3].TtwrawA465,"188,197","","Schedule 511 – Total revenue in the last taxation year"
MJRAW.SLIPA[3].TtwrawA466,"190,151","","Schedule 511 – Total revenue for the year"
MJRAW.SLIPA[3].TtwrawA153,"1173081671","","Québec enterprise number (NEQ)"
MJRAW.SLIPA[3].TtwrawA154,"1225059795 IC 0001","","Québec identification number"
MJRAW.SLIPA[3].TtwrawA469,"4,331,646","","Paid-up capital of the second prior taxation year"
MJRAW.SLIPA[3].TtwrawA470,"7,376,287","","Paid-up capital of prior taxation year"
MJRAW.SLIPA[3].TtwrawA13,"4,475,715","","Assets as per the financial statements of the second prior taxation year"
MJRAW.SLIPA[3].TtwrawA162,"President","","Title or position of authorized representative"
MJRAW.SLIPA[3].TtwrawA574,"232,173","","Gross revenue of the corporation for the second preceding taxation year"
MJRAW.SLIPA[4].TtwrawA344,"Y","","Always keep the link and offer to restore it when in error"
MJRAW.SLIPA[4].TtwrawA16,"1","","Association code"
MJRAW.SLIPA[4].TtwrawA458,"789,022","","Taxable capital employed in Canada for the preceding taxation year"
MJRAW.SLIPA[4].TtwrawA524,"100,607","","Taxable income of prior taxation year"
MJRAW.SLIPA[4].TtwrawA22,"100,000","","Reduced business limit of the last taxation year ending in the preceding calendar year"
MJRAW.SLIPA[4].TtwrawA372,"789,022","","Taxable capital employed in Canada in the last taxation year"
MJRAW.SLIPA[4].TtwrawA308,"14,911","","Total adjusted aggregate investment income for taxation years that end in the preceding calendar year"
MJRAW.SLIPA[4].TtwrawA460,"3,039,118","","Assets as per the financial statements of the prior taxation year"
MJRAW.SLIPA[4].TtwrawA527,"1.000000","","Percentage allocated"
MJRAW.SLIPA[4].TtwrawA575,"310,084","","Gross revenue of the corporation for the preceding taxation year"
MJRAW.SLIPA[4].TtwrawA482,"50,000","","Allocation of the basic amount for the taxation year"
MJRAW.SLIPA[4].TtwrawA159,"2023-04-01","","Previous taxation year-start"
MJRAW.SLIPA[4].TtwrawA160,"2024-03-31","","Previous taxation year-end"
MJRAW.SLIPA[4].TtwrawA1,"9425-4547 Québec Inc.","","Name of associated eligible persons and partnerships"
MJRAW.SLIPA[4].TtwrawA3,"70149 5335 RC0001","","Business number of the associated corporations"
MJRAW.SLIPA[4].TtwrawA196,"2024-04-01","","Taxation year-start"
MJRAW.SLIPA[4].TtwrawA74,"2025-03-31","","Taxation year-end"
MJRAW.SLIPA[4].TtwrawA459,"832,617","","Taxable capital employed in Canada for the year"
MJRAW.SLIPA[4].TtwrawA463,"3,039,118","","Schedule 511 – Total assets in the last taxation year"
MJRAW.SLIPA[4].TtwrawA464,"3,600,974","","Schedule 511 – Total assets for the year"
MJRAW.SLIPA[4].TtwrawA465,"310,084","","Schedule 511 – Total revenue in the last taxation year"
MJRAW.SLIPA[4].TtwrawA466,"357,332","","Schedule 511 – Total revenue for the year"
MJRAW.SLIPA[4].TtwrawA153,"1175794594","","Québec enterprise number (NEQ)"
MJRAW.SLIPA[4].TtwrawA154,"1227821724 IC 0001","","Québec identification number"
MJRAW.SLIPA[4].TtwrawA469,"1,036,269","","Paid-up capital of the second prior taxation year"
MJRAW.SLIPA[4].TtwrawA470,"837,651","","Paid-up capital of prior taxation year"
MJRAW.SLIPA[4].TtwrawA13,"2,326,912","","Assets as per the financial statements of the second prior taxation year"
MJRAW.SLIPA[4].TtwrawA162,"Secretary","","Title or position of authorized representative"
MJRAW.SLIPA[4].TtwrawA574,"228,806","","Gross revenue of the corporation for the second preceding taxation year"
MJRAW.SLIPA[5].TtwrawA344,"Y","","Always keep the link and offer to restore it when in error"
MJRAW.SLIPA[5].TtwrawA16,"1","","Association code"
MJRAW.SLIPA[5].TtwrawA458,"621,573","","Taxable capital employed in Canada for the preceding taxation year"
MJRAW.SLIPA[5].TtwrawA524,"0","","Taxable income of prior taxation year"
MJRAW.SLIPA[5].TtwrawA22,"0","","Reduced business limit of the last taxation year ending in the preceding calendar year"
MJRAW.SLIPA[5].TtwrawA372,"621,573","","Taxable capital employed in Canada in the last taxation year"
MJRAW.SLIPA[5].TtwrawA308,"0","","Total adjusted aggregate investment income for taxation years that end in the preceding calendar year"
MJRAW.SLIPA[5].TtwrawA460,"1,239,344","","Assets as per the financial statements of the prior taxation year"
MJRAW.SLIPA[5].TtwrawA527,"1.000000","","Percentage allocated"
MJRAW.SLIPA[5].TtwrawA307,"24,286","","Number of paid hours of the employees of the corporation, calculated for previous taxation year"
MJRAW.SLIPA[5].TtwrawA575,"2,123,733","","Gross revenue of the corporation for the preceding taxation year"
MJRAW.SLIPA[5].TtwrawA482,"50,000","","Allocation of the basic amount for the taxation year"
MJRAW.SLIPA[5].TtwrawA159,"2023-04-01","","Previous taxation year-start"
MJRAW.SLIPA[5].TtwrawA160,"2024-03-31","","Previous taxation year-end"
MJRAW.SLIPA[5].TtwrawA1,"9108-6876 Quebec Inc.","","Name of associated eligible persons and partnerships"
MJRAW.SLIPA[5].TtwrawA3,"14427 5765 RC0001","","Business number of the associated corporations"
MJRAW.SLIPA[5].TtwrawA196,"2024-04-01","","Taxation year-start"
MJRAW.SLIPA[5].TtwrawA74,"2025-03-31","","Taxation year-end"
MJRAW.SLIPA[5].TtwrawA459,"265,256","","Taxable capital employed in Canada for the year"
MJRAW.SLIPA[5].TtwrawA463,"1,239,344","","Schedule 511 – Total assets in the last taxation year"
MJRAW.SLIPA[5].TtwrawA464,"1,233,101","","Schedule 511 – Total assets for the year"
MJRAW.SLIPA[5].TtwrawA465,"2,123,733","","Schedule 511 – Total revenue in the last taxation year"
MJRAW.SLIPA[5].TtwrawA466,"2,619,358","","Schedule 511 – Total revenue for the year"
MJRAW.SLIPA[5].TtwrawA153,"1160358546","","Québec enterprise number (NEQ)"
MJRAW.SLIPA[5].TtwrawA154,"1090144860 IC 0001","","Québec identification number"
MJRAW.SLIPA[5].TtwrawA469,"688,162","","Paid-up capital of the second prior taxation year"
MJRAW.SLIPA[5].TtwrawA470,"681,480","","Paid-up capital of prior taxation year"
MJRAW.SLIPA[5].TtwrawA13,"1,516,633","","Assets as per the financial statements of the second prior taxation year"
MJRAW.SLIPA[5].TtwrawA162,"President","","Title or position of authorized representative"
MJRAW.SLIPA[5].TtwrawA574,"1,787,344","","Gross revenue of the corporation for the second preceding taxation year"
MJRAW.SLIPA[6].TtwrawA344,"Y","","Always keep the link and offer to restore it when in error"
MJRAW.SLIPA[6].TtwrawA16,"1","","Association code"
MJRAW.SLIPA[6].TtwrawA458,"32,127","","Taxable capital employed in Canada for the preceding taxation year"
MJRAW.SLIPA[6].TtwrawA524,"0","","Taxable income of prior taxation year"
MJRAW.SLIPA[6].TtwrawA22,"0","","Reduced business limit of the last taxation year ending in the preceding calendar year"
MJRAW.SLIPA[6].TtwrawA372,"32,127","","Taxable capital employed in Canada in the last taxation year"
MJRAW.SLIPA[6].TtwrawA308,"0","","Total adjusted aggregate investment income for taxation years that end in the preceding calendar year"
MJRAW.SLIPA[6].TtwrawA460,"256,229","","Assets as per the financial statements of the prior taxation year"
MJRAW.SLIPA[6].TtwrawA527,"1.000000","","Percentage allocated"
MJRAW.SLIPA[6].TtwrawA575,"25,000","","Gross revenue of the corporation for the preceding taxation year"
MJRAW.SLIPA[6].TtwrawA482,"50,000","","Allocation of the basic amount for the taxation year"
MJRAW.SLIPA[6].TtwrawA159,"2023-04-01","","Previous taxation year-start"
MJRAW.SLIPA[6].TtwrawA160,"2024-03-31","","Previous taxation year-end"
MJRAW.SLIPA[6].TtwrawA1,"Bistro Guru Inc.","","Name of associated eligible persons and partnerships"
MJRAW.SLIPA[6].TtwrawA3,"84750 8488 RC0001","","Business number of the associated corporations"
MJRAW.SLIPA[6].TtwrawA196,"2024-04-01","","Taxation year-start"
MJRAW.SLIPA[6].TtwrawA74,"2025-03-31","","Taxation year-end"
MJRAW.SLIPA[6].TtwrawA459,"67,719","","Taxable capital employed in Canada for the year"
MJRAW.SLIPA[6].TtwrawA463,"256,229","","Schedule 511 – Total assets in the last taxation year"
MJRAW.SLIPA[6].TtwrawA464,"254,900","","Schedule 511 – Total assets for the year"
MJRAW.SLIPA[6].TtwrawA465,"25,000","","Schedule 511 – Total revenue in the last taxation year"
MJRAW.SLIPA[6].TtwrawA466,"99,567","","Schedule 511 – Total revenue for the year"
MJRAW.SLIPA[6].TtwrawA153,"1167572404","","Québec enterprise number (NEQ)"
MJRAW.SLIPA[6].TtwrawA154,"1218009090 IC 0001","","Québec identification number"
MJRAW.SLIPA[6].TtwrawA469,"66,957","","Paid-up capital of the second prior taxation year"
MJRAW.SLIPA[6].TtwrawA470,"34,997","","Paid-up capital of prior taxation year"
MJRAW.SLIPA[6].TtwrawA13,"246,246","","Assets as per the financial statements of the second prior taxation year"
MJRAW.SLIPA[6].TtwrawA162,"President","","Title or position of authorized representative"
MJRAW.SLIPA[6].TtwrawA574,"120,000","","Gross revenue of the corporation for the second preceding taxation year"
MJRAW.SLIPA[7].TtwrawA344,"Y","","Always keep the link and offer to restore it when in error"
MJRAW.SLIPA[7].TtwrawA16,"1","","Association code"
MJRAW.SLIPA[7].TtwrawA524,"9,387","","Taxable income of prior taxation year"
MJRAW.SLIPA[7].TtwrawA22,"50,000","","Reduced business limit of the last taxation year ending in the preceding calendar year"
MJRAW.SLIPA[7].TtwrawA372,"0","","Taxable capital employed in Canada in the last taxation year"
MJRAW.SLIPA[7].TtwrawA308,"0","","Total adjusted aggregate investment income for taxation years that end in the preceding calendar year"
MJRAW.SLIPA[7].TtwrawA460,"627,973","","Assets as per the financial statements of the prior taxation year"
MJRAW.SLIPA[7].TtwrawA527,"1.000000","","Percentage allocated"
MJRAW.SLIPA[7].TtwrawA307,"4,111","","Number of paid hours of the employees of the corporation, calculated for previous taxation year"
MJRAW.SLIPA[7].TtwrawA575,"357,814","","Gross revenue of the corporation for the preceding taxation year"
MJRAW.SLIPA[7].TtwrawA482,"50,000","","Allocation of the basic amount for the taxation year"
MJRAW.SLIPA[7].TtwrawA159,"2023-04-01","","Previous taxation year-start"
MJRAW.SLIPA[7].TtwrawA160,"2024-03-31","","Previous taxation year-end"
MJRAW.SLIPA[7].TtwrawA1,"9096-0436 Quebec Inc.","","Name of associated eligible persons and partnerships"
MJRAW.SLIPA[7].TtwrawA3,"88387 9611 RC0001","","Business number of the associated corporations"
MJRAW.SLIPA[7].TtwrawA196,"2024-04-01","","Taxation year-start"
MJRAW.SLIPA[7].TtwrawA74,"2025-03-31","","Taxation year-end"
MJRAW.SLIPA[7].TtwrawA459,"42,055","","Taxable capital employed in Canada for the year"
MJRAW.SLIPA[7].TtwrawA463,"627,973","","Schedule 511 – Total assets in the last taxation year"
MJRAW.SLIPA[7].TtwrawA464,"631,515","","Schedule 511 – Total assets for the year"
MJRAW.SLIPA[7].TtwrawA465,"357,814","","Schedule 511 – Total revenue in the last taxation year"
MJRAW.SLIPA[7].TtwrawA466,"245,531","","Schedule 511 – Total revenue for the year"
MJRAW.SLIPA[7].TtwrawA153,"1149614464","","Québec enterprise number (NEQ)"
MJRAW.SLIPA[7].TtwrawA154,"1087115867 IC 0001","","Québec identification number"
MJRAW.SLIPA[7].TtwrawA469,"22,400","","Paid-up capital of the second prior taxation year"
MJRAW.SLIPA[7].TtwrawA470,"45,717","","Paid-up capital of prior taxation year"
MJRAW.SLIPA[7].TtwrawA13,"531,515","","Assets as per the financial statements of the second prior taxation year"
MJRAW.SLIPA[7].TtwrawA162,"President","","Title or position of authorized representative"
MJRAW.SLIPA[7].TtwrawA574,"1,040,169","","Gross revenue of the corporation for the second preceding taxation year"
MJRAW.SLIPA[8].TtwrawA344,"Y","","Always keep the link and offer to restore it when in error"
MJRAW.SLIPA[8].TtwrawA16,"1","","Association code"
MJRAW.SLIPA[8].TtwrawA458,"444,750","","Taxable capital employed in Canada for the preceding taxation year"
MJRAW.SLIPA[8].TtwrawA524,"100,407","","Taxable income of prior taxation year"
MJRAW.SLIPA[8].TtwrawA22,"250,000","","Reduced business limit of the last taxation year ending in the preceding calendar year"
MJRAW.SLIPA[8].TtwrawA372,"444,750","","Taxable capital employed in Canada in the last taxation year"
MJRAW.SLIPA[8].TtwrawA308,"0","","Total adjusted aggregate investment income for taxation years that end in the preceding calendar year"
MJRAW.SLIPA[8].TtwrawA460,"1,689,416","","Assets as per the financial statements of the prior taxation year"
MJRAW.SLIPA[8].TtwrawA527,"1.000000","","Percentage allocated"
MJRAW.SLIPA[8].TtwrawA307,"59,894","","Number of paid hours of the employees of the corporation, calculated for previous taxation year"
MJRAW.SLIPA[8].TtwrawA575,"3,945,668","","Gross revenue of the corporation for the preceding taxation year"
MJRAW.SLIPA[8].TtwrawA482,"50,000","","Allocation of the basic amount for the taxation year"
MJRAW.SLIPA[8].TtwrawA159,"2023-04-01","","Previous taxation year-start"
MJRAW.SLIPA[8].TtwrawA160,"2024-03-31","","Previous taxation year-end"
MJRAW.SLIPA[8].TtwrawA1,"9366-1049 Québec Inc.","","Name of associated eligible persons and partnerships"
MJRAW.SLIPA[8].TtwrawA3,"78955 5489 RC0001","","Business number of the associated corporations"
MJRAW.SLIPA[8].TtwrawA196,"2024-04-01","","Taxation year-start"
MJRAW.SLIPA[8].TtwrawA74,"2025-03-31","","Taxation year-end"
MJRAW.SLIPA[8].TtwrawA459,"770,505","","Taxable capital employed in Canada for the year"
MJRAW.SLIPA[8].TtwrawA463,"1,689,416","","Schedule 511 – Total assets in the last taxation year"
MJRAW.SLIPA[8].TtwrawA464,"1,758,770","","Schedule 511 – Total assets for the year"
MJRAW.SLIPA[8].TtwrawA465,"3,945,668","","Schedule 511 – Total revenue in the last taxation year"
MJRAW.SLIPA[8].TtwrawA466,"4,041,335","","Schedule 511 – Total revenue for the year"
MJRAW.SLIPA[8].TtwrawA153,"1173078958","","Québec enterprise number (NEQ)"
MJRAW.SLIPA[8].TtwrawA154,"1225056770 IC 0001","","Québec identification number"
MJRAW.SLIPA[8].TtwrawA469,"509,742","","Paid-up capital of the second prior taxation year"
MJRAW.SLIPA[8].TtwrawA470,"659,516","","Paid-up capital of prior taxation year"
MJRAW.SLIPA[8].TtwrawA13,"2,473,906","","Assets as per the financial statements of the second prior taxation year"
MJRAW.SLIPA[8].TtwrawA162,"Officer","","Title or position of authorized representative"
MJRAW.SLIPA[8].TtwrawA574,"4,192,108","","Gross revenue of the corporation for the second preceding taxation year"
MJRAW.SLIPA[9].TtwrawA344,"Y","","Always keep the link and offer to restore it when in error"
MJRAW.SLIPA[9].TtwrawA16,"1","","Association code"
MJRAW.SLIPA[9].TtwrawA458,"30,502","","Taxable capital employed in Canada for the preceding taxation year"
MJRAW.SLIPA[9].TtwrawA524,"36,288","","Taxable income of prior taxation year"
MJRAW.SLIPA[9].TtwrawA22,"50,000","","Reduced business limit of the last taxation year ending in the preceding calendar year"
MJRAW.SLIPA[9].TtwrawA372,"30,502","","Taxable capital employed in Canada in the last taxation year"
MJRAW.SLIPA[9].TtwrawA308,"0","","Total adjusted aggregate investment income for taxation years that end in the preceding calendar year"
MJRAW.SLIPA[9].TtwrawA460,"1,087,918","","Assets as per the financial statements of the prior taxation year"
MJRAW.SLIPA[9].TtwrawA527,"1.000000","","Percentage allocated"
MJRAW.SLIPA[9].TtwrawA307,"38,506","","Number of paid hours of the employees of the corporation, calculated for previous taxation year"
MJRAW.SLIPA[9].TtwrawA575,"1,854,066","","Gross revenue of the corporation for the preceding taxation year"
MJRAW.SLIPA[9].TtwrawA482,"50,000","","Allocation of the basic amount for the taxation year"
MJRAW.SLIPA[9].TtwrawA159,"2023-04-01","","Previous taxation year-start"
MJRAW.SLIPA[9].TtwrawA160,"2024-03-31","","Previous taxation year-end"
MJRAW.SLIPA[9].TtwrawA1,"9098-0558 Quebec Inc.","","Name of associated eligible persons and partnerships"
MJRAW.SLIPA[9].TtwrawA3,"14393 4172 RC0001","","Business number of the associated corporations"
MJRAW.SLIPA[9].TtwrawA196,"2024-04-01","","Taxation year-start"
MJRAW.SLIPA[9].TtwrawA74,"2025-03-31","","Taxation year-end"
MJRAW.SLIPA[9].TtwrawA459,"22,549","","Taxable capital employed in Canada for the year"
MJRAW.SLIPA[9].TtwrawA463,"1,087,918","","Schedule 511 – Total assets in the last taxation year"
MJRAW.SLIPA[9].TtwrawA464,"786,276","","Schedule 511 – Total assets for the year"
MJRAW.SLIPA[9].TtwrawA465,"1,854,066","","Schedule 511 – Total revenue in the last taxation year"
MJRAW.SLIPA[9].TtwrawA466,"1,606,736","","Schedule 511 – Total revenue for the year"
MJRAW.SLIPA[9].TtwrawA153,"1149714108","","Québec enterprise number (NEQ)"
MJRAW.SLIPA[9].TtwrawA154,"1087123231 IC 0001","","Québec identification number"
MJRAW.SLIPA[9].TtwrawA469,"70,223","","Paid-up capital of the second prior taxation year"
MJRAW.SLIPA[9].TtwrawA470,"166,242","","Paid-up capital of prior taxation year"
MJRAW.SLIPA[9].TtwrawA13,"976,378","","Assets as per the financial statements of the second prior taxation year"
MJRAW.SLIPA[9].TtwrawA162,"President","","Title or position of authorized representative"
MJRAW.SLIPA[9].TtwrawA574,"1,793,623","","Gross revenue of the corporation for the second preceding taxation year"
MJRAW.SLIPA[10].TtwrawA344,"Y","","Always keep the link and offer to restore it when in error"
MJRAW.SLIPA[10].TtwrawA16,"1","","Association code"
MJRAW.SLIPA[10].TtwrawA458,"91,648","","Taxable capital employed in Canada for the preceding taxation year"
MJRAW.SLIPA[10].TtwrawA524,"25,621","","Taxable income of prior taxation year"
MJRAW.SLIPA[10].TtwrawA22,"50,000","","Reduced business limit of the last taxation year ending in the preceding calendar year"
MJRAW.SLIPA[10].TtwrawA372,"91,648","","Taxable capital employed in Canada in the last taxation year"
MJRAW.SLIPA[10].TtwrawA308,"0","","Total adjusted aggregate investment income for taxation years that end in the preceding calendar year"
MJRAW.SLIPA[10].TtwrawA460,"417,784","","Assets as per the financial statements of the prior taxation year"
MJRAW.SLIPA[10].TtwrawA527,"1.000000","","Percentage allocated"
MJRAW.SLIPA[10].TtwrawA575,"109,765","","Gross revenue of the corporation for the preceding taxation year"
MJRAW.SLIPA[10].TtwrawA482,"50,000","","Allocation of the basic amount for the taxation year"
MJRAW.SLIPA[10].TtwrawA159,"2023-04-01","","Previous taxation year-start"
MJRAW.SLIPA[10].TtwrawA160,"2024-03-31","","Previous taxation year-end"
MJRAW.SLIPA[10].TtwrawA1,"2749-8567 Quebec Inc.","","Name of associated eligible persons and partnerships"
MJRAW.SLIPA[10].TtwrawA3,"12487 7077 RC0001","","Business number of the associated corporations"
MJRAW.SLIPA[10].TtwrawA196,"2024-04-01","","Taxation year-start"
MJRAW.SLIPA[10].TtwrawA74,"2025-03-31","","Taxation year-end"
MJRAW.SLIPA[10].TtwrawA459,"72,950","","Taxable capital employed in Canada for the year"
MJRAW.SLIPA[10].TtwrawA463,"417,784","","Schedule 511 – Total assets in the last taxation year"
MJRAW.SLIPA[10].TtwrawA464,"458,472","","Schedule 511 – Total assets for the year"
MJRAW.SLIPA[10].TtwrawA465,"109,765","","Schedule 511 – Total revenue in the last taxation year"
MJRAW.SLIPA[10].TtwrawA466,"109,765","","Schedule 511 – Total revenue for the year"
MJRAW.SLIPA[10].TtwrawA153,"1143876275","","Québec enterprise number (NEQ)"
MJRAW.SLIPA[10].TtwrawA154,"1009507490 IC 0001","","Québec identification number"
MJRAW.SLIPA[10].TtwrawA469,"104,771","","Paid-up capital of the second prior taxation year"
MJRAW.SLIPA[10].TtwrawA470,"102,715","","Paid-up capital of prior taxation year"
MJRAW.SLIPA[10].TtwrawA13,"348,181","","Assets as per the financial statements of the second prior taxation year"
MJRAW.SLIPA[10].TtwrawA162,"President","","Title or position of authorized representative"
MJRAW.SLIPA[10].TtwrawA574,"83,735","","Gross revenue of the corporation for the second preceding taxation year"
MJRAW.SLIPA[11].TtwrawA344,"Y","","Always keep the link and offer to restore it when in error"
MJRAW.SLIPA[11].TtwrawA16,"1","","Association code"
MJRAW.SLIPA[11].TtwrawA458,"125","","Taxable capital employed in Canada for the preceding taxation year"
MJRAW.SLIPA[11].TtwrawA524,"0","","Taxable income of prior taxation year"
MJRAW.SLIPA[11].TtwrawA22,"0","","Reduced business limit of the last taxation year ending in the preceding calendar year"
MJRAW.SLIPA[11].TtwrawA372,"125","","Taxable capital employed in Canada in the last taxation year"
MJRAW.SLIPA[11].TtwrawA308,"0","","Total adjusted aggregate investment income for taxation years that end in the preceding calendar year"
MJRAW.SLIPA[11].TtwrawA460,"163","","Assets as per the financial statements of the prior taxation year"
MJRAW.SLIPA[11].TtwrawA527,"1.000000","","Percentage allocated"
MJRAW.SLIPA[11].TtwrawA482,"50,000","","Allocation of the basic amount for the taxation year"
MJRAW.SLIPA[11].TtwrawA159,"2023-04-01","","Previous taxation year-start"
MJRAW.SLIPA[11].TtwrawA160,"2024-03-31","","Previous taxation year-end"
MJRAW.SLIPA[11].TtwrawA1,"9455-4169 Quebec Inc.","","Name of associated eligible persons and partnerships"
MJRAW.SLIPA[11].TtwrawA3,"70279 0007 RC0001","","Business number of the associated corporations"
MJRAW.SLIPA[11].TtwrawA196,"2024-04-01","","Taxation year-start"
MJRAW.SLIPA[11].TtwrawA74,"2025-03-31","","Taxation year-end"
MJRAW.SLIPA[11].TtwrawA459,"5,054","","Taxable capital employed in Canada for the year"
MJRAW.SLIPA[11].TtwrawA463,"163","","Schedule 511 – Total assets in the last taxation year"
MJRAW.SLIPA[11].TtwrawA464,"5,092","","Schedule 511 – Total assets for the year"
MJRAW.SLIPA[11].TtwrawA153,"1177146181","","Québec enterprise number (NEQ)"
MJRAW.SLIPA[11].TtwrawA154,"1229112305 IC 0001","","Québec identification number"
MJRAW.SLIPA[11].TtwrawA469,"186","","Paid-up capital of the second prior taxation year"
MJRAW.SLIPA[11].TtwrawA470,"125","","Paid-up capital of prior taxation year"
MJRAW.SLIPA[11].TtwrawA13,"236","","Assets as per the financial statements of the second prior taxation year"
MJRAW.SLIPA[11].TtwrawA162,"Administrator","","Title or position of authorized representative"
MJRAW.SLIPA[12].TtwrawA344,"Y","","Always keep the link and offer to restore it when in error"
MJRAW.SLIPA[12].TtwrawA16,"1","","Association code"
MJRAW.SLIPA[12].TtwrawA458,"490","","Taxable capital employed in Canada for the preceding taxation year"
MJRAW.SLIPA[12].TtwrawA524,"0","","Taxable income of prior taxation year"
MJRAW.SLIPA[12].TtwrawA22,"0","","Reduced business limit of the last taxation year ending in the preceding calendar year"
MJRAW.SLIPA[12].TtwrawA372,"490","","Taxable capital employed in Canada in the last taxation year"
MJRAW.SLIPA[12].TtwrawA308,"0","","Total adjusted aggregate investment income for taxation years that end in the preceding calendar year"
MJRAW.SLIPA[12].TtwrawA460,"540","","Assets as per the financial statements of the prior taxation year"
MJRAW.SLIPA[12].TtwrawA527,"1.000000","","Percentage allocated"
MJRAW.SLIPA[12].TtwrawA482,"50,000","","Allocation of the basic amount for the taxation year"
MJRAW.SLIPA[12].TtwrawA159,"2023-04-01","","Previous taxation year-start"
MJRAW.SLIPA[12].TtwrawA160,"2024-03-31","","Previous taxation year-end"
MJRAW.SLIPA[12].TtwrawA1,"9455-4177 Quebec Inc.","","Name of associated eligible persons and partnerships"
MJRAW.SLIPA[12].TtwrawA3,"70782 5105 RC0001","","Business number of the associated corporations"
MJRAW.SLIPA[12].TtwrawA196,"2024-04-01","","Taxation year-start"
MJRAW.SLIPA[12].TtwrawA74,"2025-03-31","","Taxation year-end"
MJRAW.SLIPA[12].TtwrawA459,"419","","Taxable capital employed in Canada for the year"
MJRAW.SLIPA[12].TtwrawA463,"540","","Schedule 511 – Total assets in the last taxation year"
MJRAW.SLIPA[12].TtwrawA464,"469","","Schedule 511 – Total assets for the year"
MJRAW.SLIPA[12].TtwrawA153,"1177146199","","Québec enterprise number (NEQ)"
MJRAW.SLIPA[12].TtwrawA154,"1229112313 IC 0001","","Québec identification number"
MJRAW.SLIPA[12].TtwrawA469,"236","","Paid-up capital of the second prior taxation year"
MJRAW.SLIPA[12].TtwrawA470,"490","","Paid-up capital of prior taxation year"
MJRAW.SLIPA[12].TtwrawA13,"286","","Assets as per the financial statements of the second prior taxation year"
MJRAW.SLIPA[12].TtwrawA162,"Administrator","","Title or position of authorized representative"
MJRAW.SLIPA[13].TtwrawA344,"Y","","Always keep the link and offer to restore it when in error"
MJRAW.SLIPA[13].TtwrawA16,"1","","Association code"
MJRAW.SLIPA[13].TtwrawA458,"214,294","","Taxable capital employed in Canada for the preceding taxation year"
MJRAW.SLIPA[13].TtwrawA524,"0","","Taxable income of prior taxation year"
MJRAW.SLIPA[13].TtwrawA22,"0","","Reduced business limit of the last taxation year ending in the preceding calendar year"
MJRAW.SLIPA[13].TtwrawA372,"214,294","","Taxable capital employed in Canada in the last taxation year"
MJRAW.SLIPA[13].TtwrawA308,"0","","Total adjusted aggregate investment income for taxation years that end in the preceding calendar year"
MJRAW.SLIPA[13].TtwrawA460,"5,534,032","","Assets as per the financial statements of the prior taxation year"
MJRAW.SLIPA[13].TtwrawA527,"1.000000","","Percentage allocated"
MJRAW.SLIPA[13].TtwrawA575,"1,569,421","","Gross revenue of the corporation for the preceding taxation year"
MJRAW.SLIPA[13].TtwrawA482,"50,000","","Allocation of the basic amount for the taxation year"
MJRAW.SLIPA[13].TtwrawA159,"2023-04-01","","Previous taxation year-start"
MJRAW.SLIPA[13].TtwrawA160,"2024-03-31","","Previous taxation year-end"
MJRAW.SLIPA[13].TtwrawA1,"9455-4201 Quebec inc.","","Name of associated eligible persons and partnerships"
MJRAW.SLIPA[13].TtwrawA3,"70672 3806 RC0001","","Business number of the associated corporations"
MJRAW.SLIPA[13].TtwrawA196,"2024-04-01","","Taxation year-start"
MJRAW.SLIPA[13].TtwrawA74,"2025-03-31","","Taxation year-end"
MJRAW.SLIPA[13].TtwrawA459,"157,537","","Taxable capital employed in Canada for the year"
MJRAW.SLIPA[13].TtwrawA463,"5,534,032","","Schedule 511 – Total assets in the last taxation year"
MJRAW.SLIPA[13].TtwrawA464,"6,701,450","","Schedule 511 – Total assets for the year"
MJRAW.SLIPA[13].TtwrawA465,"1,569,421","","Schedule 511 – Total revenue in the last taxation year"
MJRAW.SLIPA[13].TtwrawA466,"673,860","","Schedule 511 – Total revenue for the year"
MJRAW.SLIPA[13].TtwrawA153,"1177146231","","Québec enterprise number (NEQ)"
MJRAW.SLIPA[13].TtwrawA154,"1229112348 IC 0001","","Québec identification number"
MJRAW.SLIPA[13].TtwrawA469,"4,901","","Paid-up capital of the second prior taxation year"
MJRAW.SLIPA[13].TtwrawA470,"289,126","","Paid-up capital of prior taxation year"
MJRAW.SLIPA[13].TtwrawA13,"3,105,035","","Assets as per the financial statements of the second prior taxation year"
MJRAW.SLIPA[13].TtwrawA162,"Administrator","","Title or position of authorized representative"
MJRAW.SLIPA[14].TtwrawA344,"Y","","Always keep the link and offer to restore it when in error"
MJRAW.SLIPA[14].TtwrawA16,"1","","Association code"
MJRAW.SLIPA[14].TtwrawA458,"1,655,230","","Taxable capital employed in Canada for the preceding taxation year"
MJRAW.SLIPA[14].TtwrawA524,"0","","Taxable income of prior taxation year"
MJRAW.SLIPA[14].TtwrawA22,"0","","Reduced business limit of the last taxation year ending in the preceding calendar year"
MJRAW.SLIPA[14].TtwrawA372,"1,655,230","","Taxable capital employed in Canada in the last taxation year"
MJRAW.SLIPA[14].TtwrawA308,"0","","Total adjusted aggregate investment income for taxation years that end in the preceding calendar year"
MJRAW.SLIPA[14].TtwrawA460,"2,060,729","","Assets as per the financial statements of the prior taxation year"
MJRAW.SLIPA[14].TtwrawA527,"1.000000","","Percentage allocated"
MJRAW.SLIPA[14].TtwrawA307,"76,223","","Number of paid hours of the employees of the corporation, calculated for previous taxation year"
MJRAW.SLIPA[14].TtwrawA575,"6,233,248","","Gross revenue of the corporation for the preceding taxation year"
MJRAW.SLIPA[14].TtwrawA482,"50,000","","Allocation of the basic amount for the taxation year"
MJRAW.SLIPA[14].TtwrawA159,"2023-04-01","","Previous taxation year-start"
MJRAW.SLIPA[14].TtwrawA160,"2024-03-31","","Previous taxation year-end"
MJRAW.SLIPA[14].TtwrawA1,"9455-8236 Québec Inc.","","Name of associated eligible persons and partnerships"
MJRAW.SLIPA[14].TtwrawA3,"76020 1806 RC0001","","Business number of the associated corporations"
MJRAW.SLIPA[14].TtwrawA196,"2024-04-01","","Taxation year-start"
MJRAW.SLIPA[14].TtwrawA74,"2025-03-31","","Taxation year-end"
MJRAW.SLIPA[14].TtwrawA459,"1,528,577","","Taxable capital employed in Canada for the year"
MJRAW.SLIPA[14].TtwrawA463,"2,060,729","","Schedule 511 – Total assets in the last taxation year"
MJRAW.SLIPA[14].TtwrawA464,"1,866,499","","Schedule 511 – Total assets for the year"
MJRAW.SLIPA[14].TtwrawA465,"6,233,248","","Schedule 511 – Total revenue in the last taxation year"
MJRAW.SLIPA[14].TtwrawA466,"5,213,629","","Schedule 511 – Total revenue for the year"
MJRAW.SLIPA[14].TtwrawA153,"1177162840","","Québec enterprise number (NEQ)"
MJRAW.SLIPA[14].TtwrawA154,"1229117978 IC 0001","","Québec identification number"
MJRAW.SLIPA[14].TtwrawA469,"1,952,702","","Paid-up capital of the second prior taxation year"
MJRAW.SLIPA[14].TtwrawA470,"1,659,636","","Paid-up capital of prior taxation year"
MJRAW.SLIPA[14].TtwrawA13,"2,358,229","","Assets as per the financial statements of the second prior taxation year"
MJRAW.SLIPA[14].TtwrawA162,"President","","Title or position of authorized representative"
MJRAW.SLIPA[14].TtwrawA574,"1,331,473","","Gross revenue of the corporation for the second preceding taxation year"
MJRAW.SLIPA[15].TtwrawA344,"Y","","Always keep the link and offer to restore it when in error"
MJRAW.SLIPA[15].TtwrawA16,"1","","Association code"
MJRAW.SLIPA[15].TtwrawA458,"53,560","","Taxable capital employed in Canada for the preceding taxation year"
MJRAW.SLIPA[15].TtwrawA524,"0","","Taxable income of prior taxation year"
MJRAW.SLIPA[15].TtwrawA22,"0","","Reduced business limit of the last taxation year ending in the preceding calendar year"
MJRAW.SLIPA[15].TtwrawA372,"53,560","","Taxable capital employed in Canada in the last taxation year"
MJRAW.SLIPA[15].TtwrawA308,"0","","Total adjusted aggregate investment income for taxation years that end in the preceding calendar year"
MJRAW.SLIPA[15].TtwrawA460,"57,869","","Assets as per the financial statements of the prior taxation year"
MJRAW.SLIPA[15].TtwrawA527,"1.000000","","Percentage allocated"
MJRAW.SLIPA[15].TtwrawA482,"50,000","","Allocation of the basic amount for the taxation year"
MJRAW.SLIPA[15].TtwrawA159,"2023-12-04","","Previous taxation year-start"
MJRAW.SLIPA[15].TtwrawA160,"2024-03-31","","Previous taxation year-end"
MJRAW.SLIPA[15].TtwrawA1,"9504-7510 Québec Inc.","","Name of associated eligible persons and partnerships"
MJRAW.SLIPA[15].TtwrawA3,"78926 9024 RC0001","","Business number of the associated corporations"
MJRAW.SLIPA[15].TtwrawA196,"2024-04-01","","Taxation year-start"
MJRAW.SLIPA[15].TtwrawA74,"2025-03-31","","Taxation year-end"
MJRAW.SLIPA[15].TtwrawA459,"594,303","","Taxable capital employed in Canada for the year"
MJRAW.SLIPA[15].TtwrawA463,"57,869","","Schedule 511 – Total assets in the last taxation year"
MJRAW.SLIPA[15].TtwrawA464,"1,122,903","","Schedule 511 – Total assets for the year"
MJRAW.SLIPA[15].TtwrawA466,"1,316,586","","Schedule 511 – Total revenue for the year"
MJRAW.SLIPA[15].TtwrawA153,"1179332854","","Québec enterprise number (NEQ)"
MJRAW.SLIPA[15].TtwrawA154,"1231207348 IC 0001","","Québec identification number"
MJRAW.SLIPA[15].TtwrawA470,"53,560","","Paid-up capital of prior taxation year"
MJRAW.SLIPA[15].TtwrawA13,"100","","Assets as per the financial statements of the second prior taxation year"
MJRAW.SLIPA[15].TtwrawA162,"President","","Title or position of authorized representative"
MJRAW.SLIPA[3].TtwrawA195,"0.000000","","Percentage of the business limit"
MJRAW.SLIPA[4].TtwrawA195,"0.220000","","Percentage of the business limit"
MJRAW.SLIPA[5].TtwrawA195,"0.180000","","Percentage of the business limit"
MJRAW.SLIPA[6].TtwrawA195,"0.000000","","Percentage of the business limit"
MJRAW.SLIPA[7].TtwrawA195,"0.000000","","Percentage of the business limit"
MJRAW.SLIPA[8].TtwrawA195,"0.400000","","Percentage of the business limit"
MJRAW.SLIPA[9].TtwrawA195,"0.000000","","Percentage of the business limit"
MJRAW.SLIPA[10].TtwrawA195,"0.050000","","Percentage of the business limit"
MJRAW.SLIPA[11].TtwrawA195,"0.000000","","Percentage of the business limit"
MJRAW.SLIPA[12].TtwrawA195,"0.000000","","Percentage of the business limit"
MJRAW.SLIPA[13].TtwrawA195,"0.000000","","Percentage of the business limit"
MJRAW.SLIPA[14].TtwrawA195,"0.150000","","Percentage of the business limit"
MJRAW.SLIPA[15].TtwrawA195,"0.000000","","Percentage of the business limit"
MJRAW.SLIPA[2].TtwrawA304,"0.000000","","Percentage required to maximize the SBD %"
MJRAW.SLIPA[2].TtwrawA302,"","","Reduced business limit"
MJRAW.SLIPA[2].TtwrawA303,"0","","Unused business limit"
MJRAW.SLIPA[2].TtwrawA305,"0","","SBD"
MJRAW.SLIPA[2].TtwrawA347,"0","","Closing balance of the general rate income pool (GRIP)"
MJRAW.SLIPA[3].TtwrawA304,"0.000000","","Percentage required to maximize the SBD %"
MJRAW.SLIPA[3].TtwrawA302,"0","","Reduced business limit"
MJRAW.SLIPA[3].TtwrawA303,"0","","Unused business limit"
MJRAW.SLIPA[3].TtwrawA305,"0","","SBD"
MJRAW.SLIPA[3].TtwrawA347,"0","","Closing balance of the general rate income pool (GRIP)"
MJRAW.SLIPA[4].TtwrawA304,"0.219242","","Percentage required to maximize the SBD %"
MJRAW.SLIPA[4].TtwrawA302,"106,396","","Reduced business limit"
MJRAW.SLIPA[4].TtwrawA303,"367","","Unused business limit"
MJRAW.SLIPA[4].TtwrawA305,"20,146","","SBD"
MJRAW.SLIPA[4].TtwrawA347,"29,568","","Closing balance of the general rate income pool (GRIP)"
MJRAW.SLIPA[5].TtwrawA304,"0.186677","","Percentage required to maximize the SBD %"
MJRAW.SLIPA[5].TtwrawA302,"87,051","","Reduced business limit"
MJRAW.SLIPA[5].TtwrawA303,"0","","Unused business limit"
MJRAW.SLIPA[5].TtwrawA305,"16,540","","SBD"
MJRAW.SLIPA[5].TtwrawA347,"2,325","","Closing balance of the general rate income pool (GRIP)"
MJRAW.SLIPA[6].TtwrawA304,"0.000000","","Percentage required to maximize the SBD %"
MJRAW.SLIPA[6].TtwrawA302,"0","","Reduced business limit"
MJRAW.SLIPA[6].TtwrawA303,"0","","Unused business limit"
MJRAW.SLIPA[6].TtwrawA305,"0","","SBD"
MJRAW.SLIPA[6].TtwrawA347,"0","","Closing balance of the general rate income pool (GRIP)"
MJRAW.SLIPA[7].TtwrawA304,"0.000000","","Percentage required to maximize the SBD %"
MJRAW.SLIPA[7].TtwrawA302,"0","","Reduced business limit"
MJRAW.SLIPA[7].TtwrawA303,"0","","Unused business limit"
MJRAW.SLIPA[7].TtwrawA305,"0","","SBD"
MJRAW.SLIPA[7].TtwrawA347,"0","","Closing balance of the general rate income pool (GRIP)"
MJRAW.SLIPA[8].TtwrawA304,"0.647130","","Percentage required to maximize the SBD %"
MJRAW.SLIPA[8].TtwrawA302,"193,447","","Reduced business limit"
MJRAW.SLIPA[8].TtwrawA303,"0","","Unused business limit"
MJRAW.SLIPA[8].TtwrawA305,"36,755","","SBD"
MJRAW.SLIPA[8].TtwrawA347,"229,599","","Closing balance of the general rate income pool (GRIP)"
MJRAW.SLIPA[9].TtwrawA304,"0.000000","","Percentage required to maximize the SBD %"
MJRAW.SLIPA[9].TtwrawA302,"0","","Reduced business limit"
MJRAW.SLIPA[9].TtwrawA303,"0","","Unused business limit"
MJRAW.SLIPA[9].TtwrawA305,"0","","SBD"
MJRAW.SLIPA[9].TtwrawA347,"0","","Closing balance of the general rate income pool (GRIP)"
MJRAW.SLIPA[10].TtwrawA304,"0.059469","","Percentage required to maximize the SBD %"
MJRAW.SLIPA[10].TtwrawA302,"24,181","","Reduced business limit"
MJRAW.SLIPA[10].TtwrawA303,"0","","Unused business limit"
MJRAW.SLIPA[10].TtwrawA305,"4,594","","SBD"
MJRAW.SLIPA[10].TtwrawA347,"3,297","","Closing balance of the general rate income pool (GRIP)"
MJRAW.SLIPA[11].TtwrawA304,"0.000000","","Percentage required to maximize the SBD %"
MJRAW.SLIPA[11].TtwrawA302,"0","","Reduced business limit"
MJRAW.SLIPA[11].TtwrawA303,"0","","Unused business limit"
MJRAW.SLIPA[11].TtwrawA305,"0","","SBD"
MJRAW.SLIPA[11].TtwrawA347,"0","","Closing balance of the general rate income pool (GRIP)"
MJRAW.SLIPA[12].TtwrawA304,"0.000000","","Percentage required to maximize the SBD %"
MJRAW.SLIPA[12].TtwrawA302,"0","","Reduced business limit"
MJRAW.SLIPA[12].TtwrawA303,"0","","Unused business limit"
MJRAW.SLIPA[12].TtwrawA305,"0","","SBD"
MJRAW.SLIPA[12].TtwrawA347,"0","","Closing balance of the general rate income pool (GRIP)"
MJRAW.SLIPA[13].TtwrawA304,"0.000000","","Percentage required to maximize the SBD %"
MJRAW.SLIPA[13].TtwrawA302,"0","","Reduced business limit"
MJRAW.SLIPA[13].TtwrawA303,"0","","Unused business limit"
MJRAW.SLIPA[13].TtwrawA305,"0","","SBD"
MJRAW.SLIPA[13].TtwrawA347,"0","","Closing balance of the general rate income pool (GRIP)"
MJRAW.SLIPA[14].TtwrawA304,"0.577153","","Percentage required to maximize the SBD %"
MJRAW.SLIPA[14].TtwrawA302,"72,542","","Reduced business limit"
MJRAW.SLIPA[14].TtwrawA303,"0","","Unused business limit"
MJRAW.SLIPA[14].TtwrawA305,"13,783","","SBD"
MJRAW.SLIPA[14].TtwrawA347,"148,737","","Closing balance of the general rate income pool (GRIP)"
MJRAW.SLIPA[15].TtwrawA304,"0.000000","","Percentage required to maximize the SBD %"
MJRAW.SLIPA[15].TtwrawA302,"0","","Reduced business limit"
MJRAW.SLIPA[15].TtwrawA303,"0","","Unused business limit"
MJRAW.SLIPA[15].TtwrawA305,"0","","SBD"
MJRAW.SLIPA[15].TtwrawA347,"0","","Closing balance of the general rate income pool (GRIP)"
FDNEW.Ttanew142,"99","","Part 1 – For those corporations filing for the first time after incorporation or amalgamation, please identify the type of operation that applies to your corporation"
FDLAR.Ttwlar6,"261,512","","Part 1 – All loans and advances to the corporation"
MJRAW.SLIPA[2].TtwrawA319,"","","Total qualifying SR&ED expenditures"
MJRAW.SLIPA[2].TtwrawA320,"0","","Investment tax credit"
MJRAW.SLIPA[2].TtwrawA321,"0","","Investment tax credit refund"
MJRAW.SLIPA[3].TtwrawA319,"","","Total qualifying SR&ED expenditures"
MJRAW.SLIPA[3].TtwrawA320,"0","","Investment tax credit"
MJRAW.SLIPA[3].TtwrawA321,"0","","Investment tax credit refund"
MJRAW.SLIPA[4].TtwrawA319,"","","Total qualifying SR&ED expenditures"
MJRAW.SLIPA[4].TtwrawA320,"0","","Investment tax credit"
MJRAW.SLIPA[4].TtwrawA321,"0","","Investment tax credit refund"
MJRAW.SLIPA[5].TtwrawA319,"","","Total qualifying SR&ED expenditures"
MJRAW.SLIPA[5].TtwrawA320,"0","","Investment tax credit"
MJRAW.SLIPA[5].TtwrawA321,"0","","Investment tax credit refund"
MJRAW.SLIPA[6].TtwrawA319,"","","Total qualifying SR&ED expenditures"
MJRAW.SLIPA[6].TtwrawA320,"0","","Investment tax credit"
MJRAW.SLIPA[6].TtwrawA321,"0","","Investment tax credit refund"
MJRAW.SLIPA[7].TtwrawA319,"","","Total qualifying SR&ED expenditures"
MJRAW.SLIPA[7].TtwrawA320,"0","","Investment tax credit"
MJRAW.SLIPA[7].TtwrawA321,"0","","Investment tax credit refund"
MJRAW.SLIPA[8].TtwrawA319,"","","Total qualifying SR&ED expenditures"
MJRAW.SLIPA[8].TtwrawA320,"0","","Investment tax credit"
MJRAW.SLIPA[8].TtwrawA321,"0","","Investment tax credit refund"
MJRAW.SLIPA[9].TtwrawA319,"","","Total qualifying SR&ED expenditures"
MJRAW.SLIPA[9].TtwrawA320,"0","","Investment tax credit"
MJRAW.SLIPA[9].TtwrawA321,"0","","Investment tax credit refund"
MJRAW.SLIPA[10].TtwrawA319,"","","Total qualifying SR&ED expenditures"
MJRAW.SLIPA[10].TtwrawA320,"0","","Investment tax credit"
MJRAW.SLIPA[10].TtwrawA321,"0","","Investment tax credit refund"
MJRAW.SLIPA[11].TtwrawA319,"","","Total qualifying SR&ED expenditures"
MJRAW.SLIPA[11].TtwrawA320,"0","","Investment tax credit"
MJRAW.SLIPA[11].TtwrawA321,"0","","Investment tax credit refund"
MJRAW.SLIPA[12].TtwrawA319,"","","Total qualifying SR&ED expenditures"
MJRAW.SLIPA[12].TtwrawA320,"0","","Investment tax credit"
MJRAW.SLIPA[12].TtwrawA321,"0","","Investment tax credit refund"
MJRAW.SLIPA[13].TtwrawA319,"","","Total qualifying SR&ED expenditures"
MJRAW.SLIPA[13].TtwrawA320,"0","","Investment tax credit"
MJRAW.SLIPA[13].TtwrawA321,"0","","Investment tax credit refund"
MJRAW.SLIPA[14].TtwrawA319,"","","Total qualifying SR&ED expenditures"
MJRAW.SLIPA[14].TtwrawA320,"0","","Investment tax credit"
MJRAW.SLIPA[14].TtwrawA321,"0","","Investment tax credit refund"
MJRAW.SLIPA[15].TtwrawA319,"","","Total qualifying SR&ED expenditures"
MJRAW.SLIPA[15].TtwrawA320,"0","","Investment tax credit"
MJRAW.SLIPA[15].TtwrawA321,"0","","Investment tax credit refund"
FDSHI.SLIPA[1].TtashiA1,"9455-4201 Quebec Inc.","","Name of shareholder (after name, indicate in brackets if the shareholder is a corporation, partnership, individual, or trust)"
FDSHI.SLIPA[1].TtashiA2,"70672 3806 RC0001","","Business number (9 digits, 2 letters, and 4 digits)"
FDSHI.SLIPA[2].TtashiA1,"9524-3598 Quebec Inc.","","Name of shareholder (after name, indicate in brackets if the shareholder is a corporation, partnership, individual, or trust)"
FDSHI.SLIPA[2].TtashiA2,"70194 4357 RC0001","","Business number (9 digits, 2 letters, and 4 digits)"
FDSHI.SLIPA[1].TtashiA4,"0.67000","","Percentage common shares"
FDSHI.SLIPA[2].TtashiA4,"0.33000","","Percentage common shares"
MJRAW.SLIPA[2].TtwrawA134,"","","Percentage assigned under the agreement"
MJRAW.SLIPA[2].TtwrawA257,"","","Total ventilation expense"
MJRAW.SLIPA[3].TtwrawA134,"","","Percentage assigned under the agreement"
MJRAW.SLIPA[3].TtwrawA257,"","","Total ventilation expense"
MJRAW.SLIPA[4].TtwrawA134,"","","Percentage assigned under the agreement"
MJRAW.SLIPA[4].TtwrawA257,"","","Total ventilation expense"
MJRAW.SLIPA[5].TtwrawA134,"","","Percentage assigned under the agreement"
MJRAW.SLIPA[5].TtwrawA257,"","","Total ventilation expense"
MJRAW.SLIPA[6].TtwrawA134,"","","Percentage assigned under the agreement"
MJRAW.SLIPA[6].TtwrawA257,"","","Total ventilation expense"
MJRAW.SLIPA[7].TtwrawA134,"","","Percentage assigned under the agreement"
MJRAW.SLIPA[7].TtwrawA257,"","","Total ventilation expense"
MJRAW.SLIPA[8].TtwrawA134,"","","Percentage assigned under the agreement"
MJRAW.SLIPA[8].TtwrawA257,"","","Total ventilation expense"
MJRAW.SLIPA[9].TtwrawA134,"","","Percentage assigned under the agreement"
MJRAW.SLIPA[9].TtwrawA257,"","","Total ventilation expense"
MJRAW.SLIPA[10].TtwrawA134,"","","Percentage assigned under the agreement"
MJRAW.SLIPA[10].TtwrawA257,"","","Total ventilation expense"
MJRAW.SLIPA[11].TtwrawA134,"","","Percentage assigned under the agreement"
MJRAW.SLIPA[11].TtwrawA257,"","","Total ventilation expense"
MJRAW.SLIPA[12].TtwrawA134,"","","Percentage assigned under the agreement"
MJRAW.SLIPA[12].TtwrawA257,"","","Total ventilation expense"
MJRAW.SLIPA[13].TtwrawA134,"","","Percentage assigned under the agreement"
MJRAW.SLIPA[13].TtwrawA257,"","","Total ventilation expense"
MJRAW.SLIPA[14].TtwrawA134,"","","Percentage assigned under the agreement"
MJRAW.SLIPA[14].TtwrawA257,"","","Total ventilation expense"
MJRAW.SLIPA[15].TtwrawA134,"","","Percentage assigned under the agreement"
MJRAW.SLIPA[15].TtwrawA257,"","","Total ventilation expense"
CIITP.Ttiitp14,"0","","Number of covered workers paid below the prevailing wage requirements"
CIITP.Ttiitp15,"0","","Total number of days that covered workers were paid below the prevailing wage requirements"
CIITP.Ttiitp17,"0","","Total hours of labour required to be performed by apprentices registered in a Red Seal trade"
CIITP.Ttiitp18,"0","","Total hours of labour performed by apprentices registered in a Red Seal trade plus any other hours for which you met the apprenticeship requirements in paragraph 127.46(5)(a) or (b)"
QCQUE.Ttwque641,"N","","Did the corporation receive, hold or dispose of (sell, transfer, exchange, gift, etc.) any crypto-assets (form TP-21.4.39)?"
QCQUE.Ttwque410,"N","","Is the corporation a non-profit organization?"
QCQUE.SLIPC[1].TtwqueC1,"Ajmer Singh Sandhu","","Name of director of the corporation"
QCQUE.SLIPC[1].TtwqueC2,"276 078 870","","Director of the corporation – Social insurance number (SIN)"
QCQUE.SLIPC[1].TtwqueC3,"President","","Corporation's directors – Title or position"
QCQUE.SLIPD[1].TtwqueD1,"9455-4201 Quebec Inc.","","Name of shareholder of the corporation"
QCQUE.SLIPD[1].TtwqueD3,"1177146231","","Shareholder – NEQ"
QCQUE.SLIPD[1].TtwqueD5,"67","","Percentage of voting shares held"
QCQUE.SLIPD[2].TtwqueD1,"9524-3598 Quebec Inc.","","Name of shareholder of the corporation"
QCQUE.SLIPD[2].TtwqueD3,"1180161821","","Shareholder – NEQ"
QCQUE.SLIPD[2].TtwqueD5,"33","","Percentage of voting shares held"
QCQUE.Ttwque640,"Y","","The corporation has been registered for the first time this calendar year or the preceding calendar year (or qualifies for a registration fee exemption)."
QCQUE.Ttwque746,"2024-09-20","","Date of registration with the Enterprise Registrar"
MJRAW.SLIPA[2].TtwrawA595,"","","Total capital cost of eligible property"
MJRAW.SLIPA[2].TtwrawA598,"-3,147","","Net income for income tax purposes"
MJRAW.SLIPA[3].TtwrawA595,"","","Total capital cost of eligible property"
MJRAW.SLIPA[3].TtwrawA598,"-665,484","","Net income for income tax purposes"
MJRAW.SLIPA[4].TtwrawA595,"","","Total capital cost of eligible property"
MJRAW.SLIPA[4].TtwrawA598,"112,788","","Net income for income tax purposes"
MJRAW.SLIPA[5].TtwrawA595,"","","Total capital cost of eligible property"
MJRAW.SLIPA[5].TtwrawA598,"390,551","","Net income for income tax purposes"
MJRAW.SLIPA[6].TtwrawA595,"","","Total capital cost of eligible property"
MJRAW.SLIPA[6].TtwrawA598,"-32,467","","Net income for income tax purposes"
MJRAW.SLIPA[7].TtwrawA595,"","","Total capital cost of eligible property"
MJRAW.SLIPA[7].TtwrawA598,"-21,235","","Net income for income tax purposes"
MJRAW.SLIPA[8].TtwrawA595,"","","Total capital cost of eligible property"
MJRAW.SLIPA[8].TtwrawA598,"312,963","","Net income for income tax purposes"
MJRAW.SLIPA[9].TtwrawA595,"","","Total capital cost of eligible property"
MJRAW.SLIPA[9].TtwrawA598,"-13,045","","Net income for income tax purposes"
MJRAW.SLIPA[10].TtwrawA595,"","","Total capital cost of eligible property"
MJRAW.SLIPA[10].TtwrawA598,"28,766","","Net income for income tax purposes"
MJRAW.SLIPA[11].TtwrawA595,"","","Total capital cost of eligible property"
MJRAW.SLIPA[11].TtwrawA598,"-3,065","","Net income for income tax purposes"
MJRAW.SLIPA[12].TtwrawA595,"","","Total capital cost of eligible property"
MJRAW.SLIPA[12].TtwrawA598,"-3,015","","Net income for income tax purposes"
MJRAW.SLIPA[13].TtwrawA595,"","","Total capital cost of eligible property"
MJRAW.SLIPA[13].TtwrawA598,"577,222","","Net income for income tax purposes"
MJRAW.SLIPA[14].TtwrawA595,"","","Total capital cost of eligible property"
MJRAW.SLIPA[14].TtwrawA598,"692,531","","Net income for income tax purposes"
MJRAW.SLIPA[15].TtwrawA595,"","","Total capital cost of eligible property"
MJRAW.SLIPA[15].TtwrawA598,"-465,609","","Net income for income tax purposes"
MJRAW.SLIPA[2].TtwrawA532,"","","Additional deduction for transportation costs of a remote manufacturing SMEs"
MJRAW.SLIPA[2].TtwrawA530,"-3,147","","Net income"
MJRAW.SLIPA[2].TtwrawA531,"0","","Income tax payable"
MJRAW.SLIPA[3].TtwrawA532,"","","Additional deduction for transportation costs of a remote manufacturing SMEs"
MJRAW.SLIPA[3].TtwrawA530,"-665,484","","Net income"
MJRAW.SLIPA[3].TtwrawA531,"0","","Income tax payable"
MJRAW.SLIPA[4].TtwrawA532,"","","Additional deduction for transportation costs of a remote manufacturing SMEs"
MJRAW.SLIPA[4].TtwrawA530,"112,788","","Net income"
MJRAW.SLIPA[4].TtwrawA531,"4,277","","Income tax payable"
MJRAW.SLIPA[5].TtwrawA532,"","","Additional deduction for transportation costs of a remote manufacturing SMEs"
MJRAW.SLIPA[5].TtwrawA530,"390,551","","Net income"
MJRAW.SLIPA[5].TtwrawA531,"3,269","","Income tax payable"
MJRAW.SLIPA[6].TtwrawA532,"","","Additional deduction for transportation costs of a remote manufacturing SMEs"
MJRAW.SLIPA[6].TtwrawA530,"-32,467","","Net income"
MJRAW.SLIPA[6].TtwrawA531,"0","","Income tax payable"
MJRAW.SLIPA[7].TtwrawA532,"","","Additional deduction for transportation costs of a remote manufacturing SMEs"
MJRAW.SLIPA[7].TtwrawA530,"-21,235","","Net income"
MJRAW.SLIPA[7].TtwrawA531,"0","","Income tax payable"
MJRAW.SLIPA[8].TtwrawA532,"","","Additional deduction for transportation costs of a remote manufacturing SMEs"
MJRAW.SLIPA[8].TtwrawA530,"312,963","","Net income"
MJRAW.SLIPA[8].TtwrawA531,"20,184","","Income tax payable"
MJRAW.SLIPA[9].TtwrawA532,"","","Additional deduction for transportation costs of a remote manufacturing SMEs"
MJRAW.SLIPA[9].TtwrawA530,"-13,045","","Net income"
MJRAW.SLIPA[9].TtwrawA531,"0","","Income tax payable"
MJRAW.SLIPA[10].TtwrawA532,"","","Additional deduction for transportation costs of a remote manufacturing SMEs"
MJRAW.SLIPA[10].TtwrawA530,"28,766","","Net income"
MJRAW.SLIPA[10].TtwrawA531,"1,332","","Income tax payable"
MJRAW.SLIPA[11].TtwrawA532,"","","Additional deduction for transportation costs of a remote manufacturing SMEs"
MJRAW.SLIPA[11].TtwrawA530,"-3,065","","Net income"
MJRAW.SLIPA[11].TtwrawA531,"","","Income tax payable"
MJRAW.SLIPA[12].TtwrawA532,"","","Additional deduction for transportation costs of a remote manufacturing SMEs"
MJRAW.SLIPA[12].TtwrawA530,"-3,015","","Net income"
MJRAW.SLIPA[12].TtwrawA531,"","","Income tax payable"
MJRAW.SLIPA[13].TtwrawA532,"","","Additional deduction for transportation costs of a remote manufacturing SMEs"
MJRAW.SLIPA[13].TtwrawA530,"577,222","","Net income"
MJRAW.SLIPA[13].TtwrawA531,"0","","Income tax payable"
MJRAW.SLIPA[14].TtwrawA532,"","","Additional deduction for transportation costs of a remote manufacturing SMEs"
MJRAW.SLIPA[14].TtwrawA530,"692,531","","Net income"
MJRAW.SLIPA[14].TtwrawA531,"25,032","","Income tax payable"
MJRAW.SLIPA[15].TtwrawA532,"","","Additional deduction for transportation costs of a remote manufacturing SMEs"
MJRAW.SLIPA[15].TtwrawA530,"-465,609","","Net income"
MJRAW.SLIPA[15].TtwrawA531,"0","","Income tax payable"
QCQTX.Ttwqtx317,"3","","Check the appropriate box on form CO-771. "
QCQTX.Ttwqtx17,"919","","Number of paid work hours of the employees of the corporation in the taxation year"
MJRAW.SLIPA[2].TtwrawA333,"0.000000","","Percentage required to maximize the SBD"
MJRAW.SLIPA[2].TtwrawA331,"0","","SBD"
MJRAW.SLIPA[2].TtwrawA332,"0","","Income tax, special taxes and contributions payable (CO-17)"
MJRAW.SLIPA[3].TtwrawA333,"0.000000","","Percentage required to maximize the SBD"
MJRAW.SLIPA[3].TtwrawA331,"0","","SBD"
MJRAW.SLIPA[3].TtwrawA332,"0","","Income tax, special taxes and contributions payable (CO-17)"
MJRAW.SLIPA[4].TtwrawA333,"0.212058","","Percentage required to maximize the SBD"
MJRAW.SLIPA[4].TtwrawA331,"8,694","","SBD"
MJRAW.SLIPA[4].TtwrawA332,"4,277","","Income tax, special taxes and contributions payable (CO-17)"
MJRAW.SLIPA[5].TtwrawA333,"0.180560","","Percentage required to maximize the SBD"
MJRAW.SLIPA[5].TtwrawA331,"7,113","","SBD"
MJRAW.SLIPA[5].TtwrawA332,"3,269","","Income tax, special taxes and contributions payable (CO-17)"
MJRAW.SLIPA[6].TtwrawA333,"0.000000","","Percentage required to maximize the SBD"
MJRAW.SLIPA[6].TtwrawA331,"0","","SBD"
MJRAW.SLIPA[6].TtwrawA332,"0","","Income tax, special taxes and contributions payable (CO-17)"
MJRAW.SLIPA[7].TtwrawA333,"0.000000","","Percentage required to maximize the SBD"
MJRAW.SLIPA[7].TtwrawA331,"0","","SBD"
MJRAW.SLIPA[7].TtwrawA332,"0","","Income tax, special taxes and contributions payable (CO-17)"
MJRAW.SLIPA[8].TtwrawA333,"0.625926","","Percentage required to maximize the SBD"
MJRAW.SLIPA[8].TtwrawA331,"15,807","","SBD"
MJRAW.SLIPA[8].TtwrawA332,"20,184","","Income tax, special taxes and contributions payable (CO-17)"
MJRAW.SLIPA[9].TtwrawA333,"0.000000","","Percentage required to maximize the SBD"
MJRAW.SLIPA[9].TtwrawA331,"0","","SBD"
MJRAW.SLIPA[9].TtwrawA332,"0","","Income tax, special taxes and contributions payable (CO-17)"
MJRAW.SLIPA[10].TtwrawA333,"0.057532","","Percentage required to maximize the SBD"
MJRAW.SLIPA[10].TtwrawA331,"1,976","","SBD"
MJRAW.SLIPA[10].TtwrawA332,"1,332","","Income tax, special taxes and contributions payable (CO-17)"
MJRAW.SLIPA[11].TtwrawA333,"0.000000","","Percentage required to maximize the SBD"
MJRAW.SLIPA[11].TtwrawA331,"","","SBD"
MJRAW.SLIPA[11].TtwrawA332,"","","Income tax, special taxes and contributions payable (CO-17)"
MJRAW.SLIPA[12].TtwrawA333,"0.000000","","Percentage required to maximize the SBD"
MJRAW.SLIPA[12].TtwrawA331,"","","SBD"
MJRAW.SLIPA[12].TtwrawA332,"","","Income tax, special taxes and contributions payable (CO-17)"
MJRAW.SLIPA[13].TtwrawA333,"0.000000","","Percentage required to maximize the SBD"
MJRAW.SLIPA[13].TtwrawA331,"0","","SBD"
MJRAW.SLIPA[13].TtwrawA332,"0","","Income tax, special taxes and contributions payable (CO-17)"
MJRAW.SLIPA[14].TtwrawA333,"0.538438","","Percentage required to maximize the SBD"
MJRAW.SLIPA[14].TtwrawA331,"5,928","","SBD"
MJRAW.SLIPA[14].TtwrawA332,"25,032","","Income tax, special taxes and contributions payable (CO-17)"
MJRAW.SLIPA[15].TtwrawA333,"0.000000","","Percentage required to maximize the SBD"
MJRAW.SLIPA[15].TtwrawA331,"0","","SBD"
MJRAW.SLIPA[15].TtwrawA332,"0","","Income tax, special taxes and contributions payable (CO-17)"
MJRAW.SLIPA[3].TtwrawA471,"0","","Allocation of the balance of the cumulative limit"
MJRAW.SLIPA[4].TtwrawA471,"0","","Allocation of the balance of the cumulative limit"
MJRAW.SLIPA[5].TtwrawA471,"0","","Allocation of the balance of the cumulative limit"
MJRAW.SLIPA[6].TtwrawA471,"0","","Allocation of the balance of the cumulative limit"
MJRAW.SLIPA[7].TtwrawA471,"0","","Allocation of the balance of the cumulative limit"
MJRAW.SLIPA[8].TtwrawA471,"0","","Allocation of the balance of the cumulative limit"
MJRAW.SLIPA[9].TtwrawA471,"0","","Allocation of the balance of the cumulative limit"
MJRAW.SLIPA[10].TtwrawA471,"0","","Allocation of the balance of the cumulative limit"
MJRAW.SLIPA[11].TtwrawA471,"0","","Allocation of the balance of the cumulative limit"
MJRAW.SLIPA[12].TtwrawA471,"0","","Allocation of the balance of the cumulative limit"
MJRAW.SLIPA[13].TtwrawA471,"0","","Allocation of the balance of the cumulative limit"
MJRAW.SLIPA[14].TtwrawA471,"75,000,000","","Allocation of the balance of the cumulative limit"
MJRAW.SLIPA[15].TtwrawA471,"0","","Allocation of the balance of the cumulative limit"
MJRAW.SLIPA[3].TtwrawA569,"0","","Allocation of the balance of the cumulative limit"
MJRAW.SLIPA[4].TtwrawA569,"0","","Allocation of the balance of the cumulative limit"
MJRAW.SLIPA[5].TtwrawA569,"0","","Allocation of the balance of the cumulative limit"
MJRAW.SLIPA[6].TtwrawA569,"0","","Allocation of the balance of the cumulative limit"
MJRAW.SLIPA[7].TtwrawA569,"0","","Allocation of the balance of the cumulative limit"
MJRAW.SLIPA[8].TtwrawA569,"0","","Allocation of the balance of the cumulative limit"
MJRAW.SLIPA[9].TtwrawA569,"0","","Allocation of the balance of the cumulative limit"
MJRAW.SLIPA[10].TtwrawA569,"0","","Allocation of the balance of the cumulative limit"
MJRAW.SLIPA[11].TtwrawA569,"0","","Allocation of the balance of the cumulative limit"
MJRAW.SLIPA[12].TtwrawA569,"0","","Allocation of the balance of the cumulative limit"
MJRAW.SLIPA[13].TtwrawA569,"0","","Allocation of the balance of the cumulative limit"
MJRAW.SLIPA[14].TtwrawA569,"100,000,000","","Allocation of the balance of the cumulative limit"
MJRAW.SLIPA[15].TtwrawA569,"0","","Allocation of the balance of the cumulative limit"
MJRAW.SLIPA[2].TtwrawA488,"0","","Income tax payable"
MJRAW.SLIPA[3].TtwrawA488,"0","","Income tax payable"
MJRAW.SLIPA[4].TtwrawA488,"4,277","","Income tax payable"
MJRAW.SLIPA[5].TtwrawA488,"3,269","","Income tax payable"
MJRAW.SLIPA[6].TtwrawA488,"0","","Income tax payable"
MJRAW.SLIPA[7].TtwrawA488,"0","","Income tax payable"
MJRAW.SLIPA[8].TtwrawA488,"20,184","","Income tax payable"
MJRAW.SLIPA[9].TtwrawA488,"0","","Income tax payable"
MJRAW.SLIPA[10].TtwrawA488,"1,332","","Income tax payable"
MJRAW.SLIPA[11].TtwrawA488,"","","Income tax payable"
MJRAW.SLIPA[12].TtwrawA488,"","","Income tax payable"
MJRAW.SLIPA[13].TtwrawA488,"0","","Income tax payable"
MJRAW.SLIPA[14].TtwrawA488,"25,032","","Income tax payable"
MJRAW.SLIPA[15].TtwrawA488,"0","","Income tax payable"
MJRAW.SLIPA[2].TtwrawA146,"1676 rue Gilford Montréal, QC H2J 1S5","","Address"
MJRAW.SLIPA[2].TtwrawA147,"Montréal QC","","Address"
MJRAW.SLIPA[2].TtwrawA148,"H2J 1S5","","Postal code"
MJRAW.SLIPA[3].TtwrawA146,"4548 Papineau","","Address"
MJRAW.SLIPA[3].TtwrawA147,"Montreal QC CA","","Address"
MJRAW.SLIPA[3].TtwrawA148,"H2H 1V3","","Postal code"
MJRAW.SLIPA[4].TtwrawA146,"4548 Papineau","","Address"
MJRAW.SLIPA[4].TtwrawA147,"Montreal QC","","Address"
MJRAW.SLIPA[4].TtwrawA148,"H2H 1V3","","Postal code"
MJRAW.SLIPA[5].TtwrawA146,"6682 St. Denis","","Address"
MJRAW.SLIPA[5].TtwrawA147,"Montreal QC","","Address"
MJRAW.SLIPA[5].TtwrawA148,"H2S 2R9","","Postal code"
MJRAW.SLIPA[6].TtwrawA146,"6682 St Denis","","Address"
MJRAW.SLIPA[6].TtwrawA147,"Montreal QC","","Address"
MJRAW.SLIPA[6].TtwrawA148,"H2S 2R9","","Postal code"
MJRAW.SLIPA[7].TtwrawA146,"6682 St. Denis","","Address"
MJRAW.SLIPA[7].TtwrawA147,"Montreal QC","","Address"
MJRAW.SLIPA[7].TtwrawA148,"H2S 2R9","","Postal code"
MJRAW.SLIPA[8].TtwrawA146,"1241 Mont-Royal E","","Address"
MJRAW.SLIPA[8].TtwrawA147,"Montreal QC CA","","Address"
MJRAW.SLIPA[8].TtwrawA148,"H2J 1Y2","","Postal code"
MJRAW.SLIPA[9].TtwrawA146,"6682 St. Denis","","Address"
MJRAW.SLIPA[9].TtwrawA147,"Montreal QC","","Address"
MJRAW.SLIPA[9].TtwrawA148,"H2S 2R9","","Postal code"
MJRAW.SLIPA[10].TtwrawA146,"4540 Papineau","","Address"
MJRAW.SLIPA[10].TtwrawA147,"Montreal QC","","Address"
MJRAW.SLIPA[10].TtwrawA148,"H2H 1V3","","Postal code"
MJRAW.SLIPA[11].TtwrawA146,"4548 av. Papineau Montreal, QC, H2H 1V3","","Address"
MJRAW.SLIPA[11].TtwrawA147,"Montreal QC","","Address"
MJRAW.SLIPA[11].TtwrawA148,"H2H 1V3","","Postal code"
MJRAW.SLIPA[12].TtwrawA146,"4548 av. Papineau Montreal, QC. H2H 1V3","","Address"
MJRAW.SLIPA[12].TtwrawA147,"Montreal QC","","Address"
MJRAW.SLIPA[12].TtwrawA148,"H2H 1V3","","Postal code"
MJRAW.SLIPA[13].TtwrawA147,"Montreal QC","","Address"
MJRAW.SLIPA[13].TtwrawA148,"H2H 1V3","","Postal code"
MJRAW.SLIPA[14].TtwrawA146,"4548 av. Papineau Montreal, QC, H2H 1V3","","Address"
MJRAW.SLIPA[14].TtwrawA147,"Montreal QC","","Address"
MJRAW.SLIPA[14].TtwrawA148,"H2H 1V3","","Postal code"
MJRAW.SLIPA[15].TtwrawA146,"4548, av. Papineau Montreal, QC, H2H 1V3","","Address"
MJRAW.SLIPA[15].TtwrawA147,"Montreal QC","","Address"
MJRAW.SLIPA[15].TtwrawA148,"H2H 1V3","","Postal code"
QCQUE.Ttwque124,"261,512","","Other loans and advances granted to the corporation, regardless of source"
MJRAW.SLIPA[3].TtwrawA164,"0.000000","","Percentage allocated"
MJRAW.SLIPA[4].TtwrawA164,"0.000000","","Percentage allocated"
MJRAW.SLIPA[5].TtwrawA164,"0.000000","","Percentage allocated"
MJRAW.SLIPA[6].TtwrawA164,"0.000000","","Percentage allocated"
MJRAW.SLIPA[7].TtwrawA164,"0.000000","","Percentage allocated"
MJRAW.SLIPA[8].TtwrawA164,"0.000000","","Percentage allocated"
MJRAW.SLIPA[9].TtwrawA164,"0.000000","","Percentage allocated"
MJRAW.SLIPA[10].TtwrawA164,"0.000000","","Percentage allocated"
MJRAW.SLIPA[11].TtwrawA164,"0.000000","","Percentage allocated"
MJRAW.SLIPA[12].TtwrawA164,"0.000000","","Percentage allocated"
MJRAW.SLIPA[13].TtwrawA164,"0.000000","","Percentage allocated"
MJRAW.SLIPA[14].TtwrawA164,"1.000000","","Percentage allocated"
MJRAW.SLIPA[15].TtwrawA164,"0.000000","","Percentage allocated"
MJRAW.SLIPA[2].TtwrawA370,"","","Percentage required to maximize the $1 million deduction"
MJRAW.SLIPA[2].TtwrawA369,"207,467","","Maximum amount that reduce the paid-up capital to 0"
MJRAW.SLIPA[2].TtwrawA334,"","","$1 million deduction claimed"
MJRAW.SLIPA[2].TtwrawA451,"206,500","","Qualified property"
MJRAW.SLIPA[2].TtwrawA335,"967","","Paid-up capital"
MJRAW.SLIPA[3].TtwrawA370,"","","Percentage required to maximize the $1 million deduction"
MJRAW.SLIPA[3].TtwrawA369,"7,483,159","","Maximum amount that reduce the paid-up capital to 0"
MJRAW.SLIPA[3].TtwrawA334,"","","$1 million deduction claimed"
MJRAW.SLIPA[3].TtwrawA451,"138,000","","Qualified property"
MJRAW.SLIPA[3].TtwrawA335,"7,348,248","","Paid-up capital"
MJRAW.SLIPA[4].TtwrawA370,"","","Percentage required to maximize the $1 million deduction"
MJRAW.SLIPA[4].TtwrawA369,"3,500,871","","Maximum amount that reduce the paid-up capital to 0"
MJRAW.SLIPA[4].TtwrawA334,"","","$1 million deduction claimed"
MJRAW.SLIPA[4].TtwrawA451,"2,668,254","","Qualified property"
MJRAW.SLIPA[4].TtwrawA335,"906,791","","Paid-up capital"
MJRAW.SLIPA[5].TtwrawA370,"","","Percentage required to maximize the $1 million deduction"
MJRAW.SLIPA[5].TtwrawA369,"908,849","","Maximum amount that reduce the paid-up capital to 0"
MJRAW.SLIPA[5].TtwrawA334,"","","$1 million deduction claimed"
MJRAW.SLIPA[5].TtwrawA451,"643,593","","Qualified property"
MJRAW.SLIPA[5].TtwrawA335,"434,493","","Paid-up capital"
MJRAW.SLIPA[6].TtwrawA370,"","","Percentage required to maximize the $1 million deduction"
MJRAW.SLIPA[6].TtwrawA369,"244,028","","Maximum amount that reduce the paid-up capital to 0"
MJRAW.SLIPA[6].TtwrawA334,"","","$1 million deduction claimed"
MJRAW.SLIPA[6].TtwrawA451,"176,309","","Qualified property"
MJRAW.SLIPA[6].TtwrawA335,"75,239","","Paid-up capital"
MJRAW.SLIPA[7].TtwrawA370,"","","Percentage required to maximize the $1 million deduction"
MJRAW.SLIPA[7].TtwrawA369,"605,535","","Maximum amount that reduce the paid-up capital to 0"
MJRAW.SLIPA[7].TtwrawA334,"","","$1 million deduction claimed"
MJRAW.SLIPA[7].TtwrawA451,"563,480","","Qualified property"
MJRAW.SLIPA[7].TtwrawA335,"65,236","","Paid-up capital"
MJRAW.SLIPA[8].TtwrawA370,"","","Percentage required to maximize the $1 million deduction"
MJRAW.SLIPA[8].TtwrawA369,"1,484,258","","Maximum amount that reduce the paid-up capital to 0"
MJRAW.SLIPA[8].TtwrawA334,"","","$1 million deduction claimed"
MJRAW.SLIPA[8].TtwrawA451,"713,753","","Qualified property"
MJRAW.SLIPA[8].TtwrawA335,"881,909","","Paid-up capital"
MJRAW.SLIPA[9].TtwrawA370,"","","Percentage required to maximize the $1 million deduction"
MJRAW.SLIPA[9].TtwrawA369,"640,730","","Maximum amount that reduce the paid-up capital to 0"
MJRAW.SLIPA[9].TtwrawA334,"","","$1 million deduction claimed"
MJRAW.SLIPA[9].TtwrawA451,"618,181","","Qualified property"
MJRAW.SLIPA[9].TtwrawA335,"136,979","","Paid-up capital"
MJRAW.SLIPA[10].TtwrawA370,"","","Percentage required to maximize the $1 million deduction"
MJRAW.SLIPA[10].TtwrawA369,"446,982","","Maximum amount that reduce the paid-up capital to 0"
MJRAW.SLIPA[10].TtwrawA334,"","","$1 million deduction claimed"
MJRAW.SLIPA[10].TtwrawA451,"370,606","","Qualified property"
MJRAW.SLIPA[10].TtwrawA335,"85,664","","Paid-up capital"
MJRAW.SLIPA[11].TtwrawA370,"","","Percentage required to maximize the $1 million deduction"
MJRAW.SLIPA[11].TtwrawA369,"5,092","","Maximum amount that reduce the paid-up capital to 0"
MJRAW.SLIPA[11].TtwrawA334,"","","$1 million deduction claimed"
MJRAW.SLIPA[11].TtwrawA451,"38","","Qualified property"
MJRAW.SLIPA[11].TtwrawA335,"5,054","","Paid-up capital"
MJRAW.SLIPA[12].TtwrawA370,"","","Percentage required to maximize the $1 million deduction"
MJRAW.SLIPA[12].TtwrawA369,"469","","Maximum amount that reduce the paid-up capital to 0"
MJRAW.SLIPA[12].TtwrawA334,"","","$1 million deduction claimed"
MJRAW.SLIPA[12].TtwrawA451,"50","","Qualified property"
MJRAW.SLIPA[12].TtwrawA335,"419","","Paid-up capital"
MJRAW.SLIPA[13].TtwrawA370,"","","Percentage required to maximize the $1 million deduction"
MJRAW.SLIPA[13].TtwrawA369,"6,611,742","","Maximum amount that reduce the paid-up capital to 0"
MJRAW.SLIPA[13].TtwrawA334,"","","$1 million deduction claimed"
MJRAW.SLIPA[13].TtwrawA451,"6,454,205","","Qualified property"
MJRAW.SLIPA[13].TtwrawA335,"243,935","","Paid-up capital"
MJRAW.SLIPA[14].TtwrawA370,"","","Percentage required to maximize the $1 million deduction"
MJRAW.SLIPA[14].TtwrawA369,"1,610,283","","Maximum amount that reduce the paid-up capital to 0"
MJRAW.SLIPA[14].TtwrawA334,"","","$1 million deduction claimed"
MJRAW.SLIPA[14].TtwrawA451,"81,706","","Qualified property"
MJRAW.SLIPA[14].TtwrawA335,"1,539,793","","Paid-up capital"
MJRAW.SLIPA[15].TtwrawA370,"","","Percentage required to maximize the $1 million deduction"
MJRAW.SLIPA[15].TtwrawA369,"874,916","","Maximum amount that reduce the paid-up capital to 0"
MJRAW.SLIPA[15].TtwrawA334,"","","$1 million deduction claimed"
MJRAW.SLIPA[15].TtwrawA451,"280,613","","Qualified property"
MJRAW.SLIPA[15].TtwrawA335,"656,275","","Paid-up capital"
MJRAW.SLIPA[2].TtwrawA336,"967","","Paid-up capital before deductions"
MJRAW.SLIPA[3].TtwrawA336,"7,348,248","","Paid-up capital before deductions"
MJRAW.SLIPA[4].TtwrawA336,"906,791","","Paid-up capital before deductions"
MJRAW.SLIPA[5].TtwrawA336,"434,493","","Paid-up capital before deductions"
MJRAW.SLIPA[6].TtwrawA336,"75,239","","Paid-up capital before deductions"
MJRAW.SLIPA[7].TtwrawA336,"65,236","","Paid-up capital before deductions"
MJRAW.SLIPA[8].TtwrawA336,"881,909","","Paid-up capital before deductions"
MJRAW.SLIPA[9].TtwrawA336,"136,979","","Paid-up capital before deductions"
MJRAW.SLIPA[10].TtwrawA336,"85,664","","Paid-up capital before deductions"
MJRAW.SLIPA[11].TtwrawA336,"5,054","","Paid-up capital before deductions"
MJRAW.SLIPA[12].TtwrawA336,"419","","Paid-up capital before deductions"
MJRAW.SLIPA[13].TtwrawA336,"243,935","","Paid-up capital before deductions"
MJRAW.SLIPA[14].TtwrawA336,"1,539,793","","Paid-up capital before deductions"
MJRAW.SLIPA[15].TtwrawA336,"656,275","","Paid-up capital before deductions"
MJRAW.SLIPA[2].TtwrawA435,"","","Total R-D qualified expenditures"
MJRAW.SLIPA[2].TtwrawA437,"","","Tax credit for expenditures incurred by the corporation RD-1029.7"
MJRAW.SLIPA[2].TtwrawA436,"104","","Income tax, special taxes and contributions payable (CO-17)"
MJRAW.SLIPA[3].TtwrawA435,"","","Total R-D qualified expenditures"
MJRAW.SLIPA[3].TtwrawA437,"","","Tax credit for expenditures incurred by the corporation RD-1029.7"
MJRAW.SLIPA[3].TtwrawA436,"104","","Income tax, special taxes and contributions payable (CO-17)"
MJRAW.SLIPA[4].TtwrawA435,"","","Total R-D qualified expenditures"
MJRAW.SLIPA[4].TtwrawA437,"","","Tax credit for expenditures incurred by the corporation RD-1029.7"
MJRAW.SLIPA[4].TtwrawA436,"4,381","","Income tax, special taxes and contributions payable (CO-17)"
MJRAW.SLIPA[5].TtwrawA435,"","","Total R-D qualified expenditures"
MJRAW.SLIPA[5].TtwrawA437,"","","Tax credit for expenditures incurred by the corporation RD-1029.7"
MJRAW.SLIPA[5].TtwrawA436,"3,373","","Income tax, special taxes and contributions payable (CO-17)"
MJRAW.SLIPA[6].TtwrawA435,"","","Total R-D qualified expenditures"
MJRAW.SLIPA[6].TtwrawA437,"","","Tax credit for expenditures incurred by the corporation RD-1029.7"
MJRAW.SLIPA[6].TtwrawA436,"-906","","Income tax, special taxes and contributions payable (CO-17)"
MJRAW.SLIPA[7].TtwrawA435,"","","Total R-D qualified expenditures"
MJRAW.SLIPA[7].TtwrawA437,"","","Tax credit for expenditures incurred by the corporation RD-1029.7"
MJRAW.SLIPA[7].TtwrawA436,"-3,481","","Income tax, special taxes and contributions payable (CO-17)"
MJRAW.SLIPA[8].TtwrawA435,"","","Total R-D qualified expenditures"
MJRAW.SLIPA[8].TtwrawA437,"","","Tax credit for expenditures incurred by the corporation RD-1029.7"
MJRAW.SLIPA[8].TtwrawA436,"-56,564","","Income tax, special taxes and contributions payable (CO-17)"
MJRAW.SLIPA[9].TtwrawA435,"","","Total R-D qualified expenditures"
MJRAW.SLIPA[9].TtwrawA437,"","","Tax credit for expenditures incurred by the corporation RD-1029.7"
MJRAW.SLIPA[9].TtwrawA436,"-12,096","","Income tax, special taxes and contributions payable (CO-17)"
MJRAW.SLIPA[10].TtwrawA435,"","","Total R-D qualified expenditures"
MJRAW.SLIPA[10].TtwrawA437,"","","Tax credit for expenditures incurred by the corporation RD-1029.7"
MJRAW.SLIPA[10].TtwrawA436,"1,436","","Income tax, special taxes and contributions payable (CO-17)"
MJRAW.SLIPA[11].TtwrawA435,"","","Total R-D qualified expenditures"
MJRAW.SLIPA[11].TtwrawA437,"","","Tax credit for expenditures incurred by the corporation RD-1029.7"
MJRAW.SLIPA[11].TtwrawA436,"104","","Income tax, special taxes and contributions payable (CO-17)"
MJRAW.SLIPA[12].TtwrawA435,"","","Total R-D qualified expenditures"
MJRAW.SLIPA[12].TtwrawA437,"","","Tax credit for expenditures incurred by the corporation RD-1029.7"
MJRAW.SLIPA[12].TtwrawA436,"104","","Income tax, special taxes and contributions payable (CO-17)"
MJRAW.SLIPA[13].TtwrawA435,"","","Total R-D qualified expenditures"
MJRAW.SLIPA[13].TtwrawA437,"","","Tax credit for expenditures incurred by the corporation RD-1029.7"
MJRAW.SLIPA[13].TtwrawA436,"104","","Income tax, special taxes and contributions payable (CO-17)"
MJRAW.SLIPA[14].TtwrawA435,"","","Total R-D qualified expenditures"
MJRAW.SLIPA[14].TtwrawA437,"","","Tax credit for expenditures incurred by the corporation RD-1029.7"
MJRAW.SLIPA[14].TtwrawA436,"-91,524","","Income tax, special taxes and contributions payable (CO-17)"
MJRAW.SLIPA[15].TtwrawA435,"","","Total R-D qualified expenditures"
MJRAW.SLIPA[15].TtwrawA437,"","","Tax credit for expenditures incurred by the corporation RD-1029.7"
MJRAW.SLIPA[15].TtwrawA436,"-16,806","","Income tax, special taxes and contributions payable (CO-17)"
MJRAW.SLIPA[2].TtwrawA539,"","","Total R-D qualified expenditures"
MJRAW.SLIPA[2].TtwrawA359,"","","Tax credit for expenditures incurred by the corporation RD-1029.8.16.1"
MJRAW.SLIPA[3].TtwrawA539,"","","Total R-D qualified expenditures"
MJRAW.SLIPA[3].TtwrawA359,"","","Tax credit for expenditures incurred by the corporation RD-1029.8.16.1"
MJRAW.SLIPA[4].TtwrawA539,"","","Total R-D qualified expenditures"
MJRAW.SLIPA[4].TtwrawA359,"","","Tax credit for expenditures incurred by the corporation RD-1029.8.16.1"
MJRAW.SLIPA[5].TtwrawA539,"","","Total R-D qualified expenditures"
MJRAW.SLIPA[5].TtwrawA359,"","","Tax credit for expenditures incurred by the corporation RD-1029.8.16.1"
MJRAW.SLIPA[6].TtwrawA539,"","","Total R-D qualified expenditures"
MJRAW.SLIPA[6].TtwrawA359,"","","Tax credit for expenditures incurred by the corporation RD-1029.8.16.1"
MJRAW.SLIPA[7].TtwrawA539,"","","Total R-D qualified expenditures"
MJRAW.SLIPA[7].TtwrawA359,"","","Tax credit for expenditures incurred by the corporation RD-1029.8.16.1"
MJRAW.SLIPA[8].TtwrawA539,"","","Total R-D qualified expenditures"
MJRAW.SLIPA[8].TtwrawA359,"","","Tax credit for expenditures incurred by the corporation RD-1029.8.16.1"
MJRAW.SLIPA[9].TtwrawA539,"","","Total R-D qualified expenditures"
MJRAW.SLIPA[9].TtwrawA359,"","","Tax credit for expenditures incurred by the corporation RD-1029.8.16.1"
MJRAW.SLIPA[10].TtwrawA539,"","","Total R-D qualified expenditures"
MJRAW.SLIPA[10].TtwrawA359,"","","Tax credit for expenditures incurred by the corporation RD-1029.8.16.1"
MJRAW.SLIPA[11].TtwrawA539,"","","Total R-D qualified expenditures"
MJRAW.SLIPA[11].TtwrawA359,"","","Tax credit for expenditures incurred by the corporation RD-1029.8.16.1"
MJRAW.SLIPA[12].TtwrawA539,"","","Total R-D qualified expenditures"
MJRAW.SLIPA[12].TtwrawA359,"","","Tax credit for expenditures incurred by the corporation RD-1029.8.16.1"
MJRAW.SLIPA[13].TtwrawA539,"","","Total R-D qualified expenditures"
MJRAW.SLIPA[13].TtwrawA359,"","","Tax credit for expenditures incurred by the corporation RD-1029.8.16.1"
MJRAW.SLIPA[14].TtwrawA539,"","","Total R-D qualified expenditures"
MJRAW.SLIPA[14].TtwrawA359,"","","Tax credit for expenditures incurred by the corporation RD-1029.8.16.1"
MJRAW.SLIPA[15].TtwrawA539,"","","Total R-D qualified expenditures"
MJRAW.SLIPA[15].TtwrawA359,"","","Tax credit for expenditures incurred by the corporation RD-1029.8.16.1"
MJRAW.SLIPA[2].TtwrawA540,"","","Total R-D qualified expenditures"
MJRAW.SLIPA[2].TtwrawA361,"","","Tax credit for expenditures incurred by the corporation RD-1029.8.6"
MJRAW.SLIPA[3].TtwrawA540,"","","Total R-D qualified expenditures"
MJRAW.SLIPA[3].TtwrawA361,"","","Tax credit for expenditures incurred by the corporation RD-1029.8.6"
MJRAW.SLIPA[4].TtwrawA540,"","","Total R-D qualified expenditures"
MJRAW.SLIPA[4].TtwrawA361,"","","Tax credit for expenditures incurred by the corporation RD-1029.8.6"
MJRAW.SLIPA[5].TtwrawA540,"","","Total R-D qualified expenditures"
MJRAW.SLIPA[5].TtwrawA361,"","","Tax credit for expenditures incurred by the corporation RD-1029.8.6"
MJRAW.SLIPA[6].TtwrawA540,"","","Total R-D qualified expenditures"
MJRAW.SLIPA[6].TtwrawA361,"","","Tax credit for expenditures incurred by the corporation RD-1029.8.6"
MJRAW.SLIPA[7].TtwrawA540,"","","Total R-D qualified expenditures"
MJRAW.SLIPA[7].TtwrawA361,"","","Tax credit for expenditures incurred by the corporation RD-1029.8.6"
MJRAW.SLIPA[8].TtwrawA540,"","","Total R-D qualified expenditures"
MJRAW.SLIPA[8].TtwrawA361,"","","Tax credit for expenditures incurred by the corporation RD-1029.8.6"
MJRAW.SLIPA[9].TtwrawA540,"","","Total R-D qualified expenditures"
MJRAW.SLIPA[9].TtwrawA361,"","","Tax credit for expenditures incurred by the corporation RD-1029.8.6"
MJRAW.SLIPA[10].TtwrawA540,"","","Total R-D qualified expenditures"
MJRAW.SLIPA[10].TtwrawA361,"","","Tax credit for expenditures incurred by the corporation RD-1029.8.6"
MJRAW.SLIPA[11].TtwrawA540,"","","Total R-D qualified expenditures"
MJRAW.SLIPA[11].TtwrawA361,"","","Tax credit for expenditures incurred by the corporation RD-1029.8.6"
MJRAW.SLIPA[12].TtwrawA540,"","","Total R-D qualified expenditures"
MJRAW.SLIPA[12].TtwrawA361,"","","Tax credit for expenditures incurred by the corporation RD-1029.8.6"
MJRAW.SLIPA[13].TtwrawA540,"","","Total R-D qualified expenditures"
MJRAW.SLIPA[13].TtwrawA361,"","","Tax credit for expenditures incurred by the corporation RD-1029.8.6"
MJRAW.SLIPA[14].TtwrawA540,"","","Total R-D qualified expenditures"
MJRAW.SLIPA[14].TtwrawA361,"","","Tax credit for expenditures incurred by the corporation RD-1029.8.6"
MJRAW.SLIPA[15].TtwrawA540,"","","Total R-D qualified expenditures"
MJRAW.SLIPA[15].TtwrawA361,"","","Tax credit for expenditures incurred by the corporation RD-1029.8.6"
MJRAW.SLIPA[2].TtwrawA541,"","","Total R-D qualified expenditures"
MJRAW.SLIPA[2].TtwrawA363,"","","Tax credit for expenditures incurred by the corporation RD-1029.8.9.03"
MJRAW.SLIPA[3].TtwrawA541,"","","Total R-D qualified expenditures"
MJRAW.SLIPA[3].TtwrawA363,"","","Tax credit for expenditures incurred by the corporation RD-1029.8.9.03"
MJRAW.SLIPA[4].TtwrawA541,"","","Total R-D qualified expenditures"
MJRAW.SLIPA[4].TtwrawA363,"","","Tax credit for expenditures incurred by the corporation RD-1029.8.9.03"
MJRAW.SLIPA[5].TtwrawA541,"","","Total R-D qualified expenditures"
MJRAW.SLIPA[5].TtwrawA363,"","","Tax credit for expenditures incurred by the corporation RD-1029.8.9.03"
MJRAW.SLIPA[6].TtwrawA541,"","","Total R-D qualified expenditures"
MJRAW.SLIPA[6].TtwrawA363,"","","Tax credit for expenditures incurred by the corporation RD-1029.8.9.03"
MJRAW.SLIPA[7].TtwrawA541,"","","Total R-D qualified expenditures"
MJRAW.SLIPA[7].TtwrawA363,"","","Tax credit for expenditures incurred by the corporation RD-1029.8.9.03"
MJRAW.SLIPA[8].TtwrawA541,"","","Total R-D qualified expenditures"
MJRAW.SLIPA[8].TtwrawA363,"","","Tax credit for expenditures incurred by the corporation RD-1029.8.9.03"
MJRAW.SLIPA[9].TtwrawA541,"","","Total R-D qualified expenditures"
MJRAW.SLIPA[9].TtwrawA363,"","","Tax credit for expenditures incurred by the corporation RD-1029.8.9.03"
MJRAW.SLIPA[10].TtwrawA541,"","","Total R-D qualified expenditures"
MJRAW.SLIPA[10].TtwrawA363,"","","Tax credit for expenditures incurred by the corporation RD-1029.8.9.03"
MJRAW.SLIPA[11].TtwrawA541,"","","Total R-D qualified expenditures"
MJRAW.SLIPA[11].TtwrawA363,"","","Tax credit for expenditures incurred by the corporation RD-1029.8.9.03"
MJRAW.SLIPA[12].TtwrawA541,"","","Total R-D qualified expenditures"
MJRAW.SLIPA[12].TtwrawA363,"","","Tax credit for expenditures incurred by the corporation RD-1029.8.9.03"
MJRAW.SLIPA[13].TtwrawA541,"","","Total R-D qualified expenditures"
MJRAW.SLIPA[13].TtwrawA363,"","","Tax credit for expenditures incurred by the corporation RD-1029.8.9.03"
MJRAW.SLIPA[14].TtwrawA541,"","","Total R-D qualified expenditures"
MJRAW.SLIPA[14].TtwrawA363,"","","Tax credit for expenditures incurred by the corporation RD-1029.8.9.03"
MJRAW.SLIPA[15].TtwrawA541,"","","Total R-D qualified expenditures"
MJRAW.SLIPA[15].TtwrawA363,"","","Tax credit for expenditures incurred by the corporation RD-1029.8.9.03"
QCAUQ[1].Ttaauq164,"Y","","I confirm that this authorization or power of attorney is signed in two copies. I undertake to keep one of these signed originals as well a copy of the documents attesting the authorization to act of my representative and to provide them upon request to Revenu Québec, if necessary."
MJRAW.SLIPA[2].TtwrawA44,"0","","Eligible expenditures for Alberta purposes"
MJRAW.SLIPA[2].TtwrawA45,"0","","Alberta innovation employment grant"
MJRAW.SLIPA[3].TtwrawA44,"0","","Eligible expenditures for Alberta purposes"
MJRAW.SLIPA[3].TtwrawA45,"0","","Alberta innovation employment grant"
MJRAW.SLIPA[4].TtwrawA44,"0","","Eligible expenditures for Alberta purposes"
MJRAW.SLIPA[4].TtwrawA45,"0","","Alberta innovation employment grant"
MJRAW.SLIPA[5].TtwrawA44,"0","","Eligible expenditures for Alberta purposes"
MJRAW.SLIPA[5].TtwrawA45,"0","","Alberta innovation employment grant"
MJRAW.SLIPA[6].TtwrawA44,"0","","Eligible expenditures for Alberta purposes"
MJRAW.SLIPA[6].TtwrawA45,"0","","Alberta innovation employment grant"
MJRAW.SLIPA[7].TtwrawA44,"0","","Eligible expenditures for Alberta purposes"
MJRAW.SLIPA[7].TtwrawA45,"0","","Alberta innovation employment grant"
MJRAW.SLIPA[8].TtwrawA44,"0","","Eligible expenditures for Alberta purposes"
MJRAW.SLIPA[8].TtwrawA45,"0","","Alberta innovation employment grant"
MJRAW.SLIPA[9].TtwrawA44,"0","","Eligible expenditures for Alberta purposes"
MJRAW.SLIPA[9].TtwrawA45,"0","","Alberta innovation employment grant"
MJRAW.SLIPA[10].TtwrawA44,"0","","Eligible expenditures for Alberta purposes"
MJRAW.SLIPA[10].TtwrawA45,"0","","Alberta innovation employment grant"
MJRAW.SLIPA[11].TtwrawA44,"0","","Eligible expenditures for Alberta purposes"
MJRAW.SLIPA[11].TtwrawA45,"0","","Alberta innovation employment grant"
MJRAW.SLIPA[12].TtwrawA44,"0","","Eligible expenditures for Alberta purposes"
MJRAW.SLIPA[12].TtwrawA45,"0","","Alberta innovation employment grant"
MJRAW.SLIPA[13].TtwrawA44,"0","","Eligible expenditures for Alberta purposes"
MJRAW.SLIPA[13].TtwrawA45,"0","","Alberta innovation employment grant"
MJRAW.SLIPA[14].TtwrawA44,"0","","Eligible expenditures for Alberta purposes"
MJRAW.SLIPA[14].TtwrawA45,"0","","Alberta innovation employment grant"
MJRAW.SLIPA[15].TtwrawA44,"0","","Eligible expenditures for Alberta purposes"
MJRAW.SLIPA[15].TtwrawA45,"0","","Alberta innovation employment grant"
MJRAW.SLIPA[2].TtwrawA339,"","","Paid up capital before capital deduction"
MJRAW.SLIPA[2].TtwrawA340,"","","Capital tax payable"
MJRAW.SLIPA[3].TtwrawA339,"","","Paid up capital before capital deduction"
MJRAW.SLIPA[3].TtwrawA340,"","","Capital tax payable"
MJRAW.SLIPA[4].TtwrawA339,"","","Paid up capital before capital deduction"
MJRAW.SLIPA[4].TtwrawA340,"","","Capital tax payable"
MJRAW.SLIPA[5].TtwrawA339,"","","Paid up capital before capital deduction"
MJRAW.SLIPA[5].TtwrawA340,"","","Capital tax payable"
MJRAW.SLIPA[6].TtwrawA339,"","","Paid up capital before capital deduction"
MJRAW.SLIPA[6].TtwrawA340,"","","Capital tax payable"
MJRAW.SLIPA[7].TtwrawA339,"","","Paid up capital before capital deduction"
MJRAW.SLIPA[7].TtwrawA340,"","","Capital tax payable"
MJRAW.SLIPA[8].TtwrawA339,"","","Paid up capital before capital deduction"
MJRAW.SLIPA[8].TtwrawA340,"","","Capital tax payable"
MJRAW.SLIPA[9].TtwrawA339,"","","Paid up capital before capital deduction"
MJRAW.SLIPA[9].TtwrawA340,"","","Capital tax payable"
MJRAW.SLIPA[10].TtwrawA339,"","","Paid up capital before capital deduction"
MJRAW.SLIPA[10].TtwrawA340,"","","Capital tax payable"
MJRAW.SLIPA[11].TtwrawA339,"","","Paid up capital before capital deduction"
MJRAW.SLIPA[11].TtwrawA340,"","","Capital tax payable"
MJRAW.SLIPA[12].TtwrawA339,"","","Paid up capital before capital deduction"
MJRAW.SLIPA[12].TtwrawA340,"","","Capital tax payable"
MJRAW.SLIPA[13].TtwrawA339,"","","Paid up capital before capital deduction"
MJRAW.SLIPA[13].TtwrawA340,"","","Capital tax payable"
MJRAW.SLIPA[14].TtwrawA339,"","","Paid up capital before capital deduction"
MJRAW.SLIPA[14].TtwrawA340,"","","Capital tax payable"
MJRAW.SLIPA[15].TtwrawA339,"","","Paid up capital before capital deduction"
MJRAW.SLIPA[15].TtwrawA340,"","","Capital tax payable"
MJRAW.SLIPA[2].TtwrawA414,"","","Ontario Innovation Tax Credit available"
MJRAW.SLIPA[3].TtwrawA414,"","","Ontario Innovation Tax Credit available"
MJRAW.SLIPA[4].TtwrawA414,"","","Ontario Innovation Tax Credit available"
MJRAW.SLIPA[5].TtwrawA414,"","","Ontario Innovation Tax Credit available"
MJRAW.SLIPA[6].TtwrawA414,"","","Ontario Innovation Tax Credit available"
MJRAW.SLIPA[7].TtwrawA414,"","","Ontario Innovation Tax Credit available"
MJRAW.SLIPA[8].TtwrawA414,"","","Ontario Innovation Tax Credit available"
MJRAW.SLIPA[9].TtwrawA414,"","","Ontario Innovation Tax Credit available"
MJRAW.SLIPA[10].TtwrawA414,"","","Ontario Innovation Tax Credit available"
MJRAW.SLIPA[11].TtwrawA414,"","","Ontario Innovation Tax Credit available"
MJRAW.SLIPA[12].TtwrawA414,"","","Ontario Innovation Tax Credit available"
MJRAW.SLIPA[13].TtwrawA414,"","","Ontario Innovation Tax Credit available"
MJRAW.SLIPA[14].TtwrawA414,"","","Ontario Innovation Tax Credit available"
MJRAW.SLIPA[15].TtwrawA414,"","","Ontario Innovation Tax Credit available"
MJRAW.SLIPA[2].TtwrawA402,"","","Expenditure limit allocated"
MJRAW.SLIPA[2].TtwrawA403,"","","Ontario Income Tax net of specified tax credits"
MJRAW.SLIPA[3].TtwrawA402,"","","Expenditure limit allocated"
MJRAW.SLIPA[3].TtwrawA403,"","","Ontario Income Tax net of specified tax credits"
MJRAW.SLIPA[4].TtwrawA402,"","","Expenditure limit allocated"
MJRAW.SLIPA[4].TtwrawA403,"","","Ontario Income Tax net of specified tax credits"
MJRAW.SLIPA[5].TtwrawA402,"","","Expenditure limit allocated"
MJRAW.SLIPA[5].TtwrawA403,"","","Ontario Income Tax net of specified tax credits"
MJRAW.SLIPA[6].TtwrawA402,"","","Expenditure limit allocated"
MJRAW.SLIPA[6].TtwrawA403,"","","Ontario Income Tax net of specified tax credits"
MJRAW.SLIPA[7].TtwrawA402,"","","Expenditure limit allocated"
MJRAW.SLIPA[7].TtwrawA403,"","","Ontario Income Tax net of specified tax credits"
MJRAW.SLIPA[8].TtwrawA402,"","","Expenditure limit allocated"
MJRAW.SLIPA[8].TtwrawA403,"","","Ontario Income Tax net of specified tax credits"
MJRAW.SLIPA[9].TtwrawA402,"","","Expenditure limit allocated"
MJRAW.SLIPA[9].TtwrawA403,"","","Ontario Income Tax net of specified tax credits"
MJRAW.SLIPA[10].TtwrawA402,"","","Expenditure limit allocated"
MJRAW.SLIPA[10].TtwrawA403,"","","Ontario Income Tax net of specified tax credits"
MJRAW.SLIPA[11].TtwrawA402,"","","Expenditure limit allocated"
MJRAW.SLIPA[11].TtwrawA403,"","","Ontario Income Tax net of specified tax credits"
MJRAW.SLIPA[12].TtwrawA402,"","","Expenditure limit allocated"
MJRAW.SLIPA[12].TtwrawA403,"","","Ontario Income Tax net of specified tax credits"
MJRAW.SLIPA[13].TtwrawA402,"","","Expenditure limit allocated"
MJRAW.SLIPA[13].TtwrawA403,"","","Ontario Income Tax net of specified tax credits"
MJRAW.SLIPA[14].TtwrawA402,"","","Expenditure limit allocated"
MJRAW.SLIPA[14].TtwrawA403,"","","Ontario Income Tax net of specified tax credits"
MJRAW.SLIPA[15].TtwrawA402,"","","Expenditure limit allocated"
MJRAW.SLIPA[15].TtwrawA403,"","","Ontario Income Tax net of specified tax credits"
MJRAW.SLIPA[2].TtwrawA261,"","","Total capital cost of eligible property"
MJRAW.SLIPA[3].TtwrawA261,"","","Total capital cost of eligible property"
MJRAW.SLIPA[4].TtwrawA261,"","","Total capital cost of eligible property"
MJRAW.SLIPA[5].TtwrawA261,"","","Total capital cost of eligible property"
MJRAW.SLIPA[6].TtwrawA261,"","","Total capital cost of eligible property"
MJRAW.SLIPA[7].TtwrawA261,"","","Total capital cost of eligible property"
MJRAW.SLIPA[8].TtwrawA261,"","","Total capital cost of eligible property"
MJRAW.SLIPA[9].TtwrawA261,"","","Total capital cost of eligible property"
MJRAW.SLIPA[10].TtwrawA261,"","","Total capital cost of eligible property"
MJRAW.SLIPA[11].TtwrawA261,"","","Total capital cost of eligible property"
MJRAW.SLIPA[12].TtwrawA261,"","","Total capital cost of eligible property"
MJRAW.SLIPA[13].TtwrawA261,"","","Total capital cost of eligible property"
MJRAW.SLIPA[14].TtwrawA261,"","","Total capital cost of eligible property"
MJRAW.SLIPA[15].TtwrawA261,"","","Total capital cost of eligible property"
MJRAW.SLIPA[3].TtwrawA129,"0","","Dividend allowance allocated"
MJRAW.SLIPA[4].TtwrawA129,"500,000","","Dividend allowance allocated"
MJRAW.SLIPA[5].TtwrawA129,"0","","Dividend allowance allocated"
MJRAW.SLIPA[6].TtwrawA129,"0","","Dividend allowance allocated"
MJRAW.SLIPA[7].TtwrawA129,"0","","Dividend allowance allocated"
MJRAW.SLIPA[8].TtwrawA129,"0","","Dividend allowance allocated"
MJRAW.SLIPA[9].TtwrawA129,"0","","Dividend allowance allocated"
MJRAW.SLIPA[10].TtwrawA129,"0","","Dividend allowance allocated"
MJRAW.SLIPA[11].TtwrawA129,"0","","Dividend allowance allocated"
MJRAW.SLIPA[12].TtwrawA129,"0","","Dividend allowance allocated"
MJRAW.SLIPA[13].TtwrawA129,"0","","Dividend allowance allocated"
MJRAW.SLIPA[14].TtwrawA129,"0","","Dividend allowance allocated"
MJRAW.SLIPA[15].TtwrawA129,"0","","Dividend allowance allocated"
MJRAW.SLIPA[2].TtwrawA315,"","","Prorated dividend allowance for a short taxation year"
MJRAW.SLIPA[2].TtwrawA316,"","","Dividend allowance required to minimize Part VI.1 tax"
MJRAW.SLIPA[2].TtwrawA317,"0","","Part VI.1 tax payable"
MJRAW.SLIPA[2].TtwrawA318,"0","","Part VI.1 tax deduction"
MJRAW.SLIPA[3].TtwrawA315,"0","","Prorated dividend allowance for a short taxation year"
MJRAW.SLIPA[3].TtwrawA316,"","","Dividend allowance required to minimize Part VI.1 tax"
MJRAW.SLIPA[3].TtwrawA317,"0","","Part VI.1 tax payable"
MJRAW.SLIPA[3].TtwrawA318,"0","","Part VI.1 tax deduction"
MJRAW.SLIPA[4].TtwrawA315,"500,000","","Prorated dividend allowance for a short taxation year"
MJRAW.SLIPA[4].TtwrawA316,"","","Dividend allowance required to minimize Part VI.1 tax"
MJRAW.SLIPA[4].TtwrawA317,"0","","Part VI.1 tax payable"
MJRAW.SLIPA[4].TtwrawA318,"0","","Part VI.1 tax deduction"
MJRAW.SLIPA[5].TtwrawA315,"0","","Prorated dividend allowance for a short taxation year"
MJRAW.SLIPA[5].TtwrawA316,"","","Dividend allowance required to minimize Part VI.1 tax"
MJRAW.SLIPA[5].TtwrawA317,"0","","Part VI.1 tax payable"
MJRAW.SLIPA[5].TtwrawA318,"0","","Part VI.1 tax deduction"
MJRAW.SLIPA[6].TtwrawA315,"0","","Prorated dividend allowance for a short taxation year"
MJRAW.SLIPA[6].TtwrawA316,"","","Dividend allowance required to minimize Part VI.1 tax"
MJRAW.SLIPA[6].TtwrawA317,"0","","Part VI.1 tax payable"
MJRAW.SLIPA[6].TtwrawA318,"0","","Part VI.1 tax deduction"
MJRAW.SLIPA[7].TtwrawA315,"0","","Prorated dividend allowance for a short taxation year"
MJRAW.SLIPA[7].TtwrawA316,"","","Dividend allowance required to minimize Part VI.1 tax"
MJRAW.SLIPA[7].TtwrawA317,"0","","Part VI.1 tax payable"
MJRAW.SLIPA[7].TtwrawA318,"0","","Part VI.1 tax deduction"
MJRAW.SLIPA[8].TtwrawA315,"0","","Prorated dividend allowance for a short taxation year"
MJRAW.SLIPA[8].TtwrawA316,"","","Dividend allowance required to minimize Part VI.1 tax"
MJRAW.SLIPA[8].TtwrawA317,"0","","Part VI.1 tax payable"
MJRAW.SLIPA[8].TtwrawA318,"0","","Part VI.1 tax deduction"
MJRAW.SLIPA[9].TtwrawA315,"0","","Prorated dividend allowance for a short taxation year"
MJRAW.SLIPA[9].TtwrawA316,"","","Dividend allowance required to minimize Part VI.1 tax"
MJRAW.SLIPA[9].TtwrawA317,"0","","Part VI.1 tax payable"
MJRAW.SLIPA[9].TtwrawA318,"0","","Part VI.1 tax deduction"
MJRAW.SLIPA[10].TtwrawA315,"0","","Prorated dividend allowance for a short taxation year"
MJRAW.SLIPA[10].TtwrawA316,"","","Dividend allowance required to minimize Part VI.1 tax"
MJRAW.SLIPA[10].TtwrawA317,"0","","Part VI.1 tax payable"
MJRAW.SLIPA[10].TtwrawA318,"0","","Part VI.1 tax deduction"
MJRAW.SLIPA[11].TtwrawA315,"0","","Prorated dividend allowance for a short taxation year"
MJRAW.SLIPA[11].TtwrawA316,"","","Dividend allowance required to minimize Part VI.1 tax"
MJRAW.SLIPA[11].TtwrawA317,"0","","Part VI.1 tax payable"
MJRAW.SLIPA[11].TtwrawA318,"0","","Part VI.1 tax deduction"
MJRAW.SLIPA[12].TtwrawA315,"0","","Prorated dividend allowance for a short taxation year"
MJRAW.SLIPA[12].TtwrawA316,"","","Dividend allowance required to minimize Part VI.1 tax"
MJRAW.SLIPA[12].TtwrawA317,"0","","Part VI.1 tax payable"
MJRAW.SLIPA[12].TtwrawA318,"0","","Part VI.1 tax deduction"
MJRAW.SLIPA[13].TtwrawA315,"0","","Prorated dividend allowance for a short taxation year"
MJRAW.SLIPA[13].TtwrawA316,"","","Dividend allowance required to minimize Part VI.1 tax"
MJRAW.SLIPA[13].TtwrawA317,"0","","Part VI.1 tax payable"
MJRAW.SLIPA[13].TtwrawA318,"0","","Part VI.1 tax deduction"
MJRAW.SLIPA[14].TtwrawA315,"0","","Prorated dividend allowance for a short taxation year"
MJRAW.SLIPA[14].TtwrawA316,"","","Dividend allowance required to minimize Part VI.1 tax"
MJRAW.SLIPA[14].TtwrawA317,"0","","Part VI.1 tax payable"
MJRAW.SLIPA[14].TtwrawA318,"0","","Part VI.1 tax deduction"
MJRAW.SLIPA[15].TtwrawA315,"0","","Prorated dividend allowance for a short taxation year"
MJRAW.SLIPA[15].TtwrawA316,"","","Dividend allowance required to minimize Part VI.1 tax"
MJRAW.SLIPA[15].TtwrawA317,"0","","Part VI.1 tax payable"
MJRAW.SLIPA[15].TtwrawA318,"0","","Part VI.1 tax deduction"
MJRAW.SLIPA[2].TtwrawA600,"","","Allocation of the income deduction"
MJRAW.SLIPA[2].TtwrawA609,"","","Part VI.2 tax payable"
MJRAW.SLIPA[3].TtwrawA600,"","","Allocation of the income deduction"
MJRAW.SLIPA[3].TtwrawA609,"","","Part VI.2 tax payable"
MJRAW.SLIPA[4].TtwrawA600,"","","Allocation of the income deduction"
MJRAW.SLIPA[4].TtwrawA609,"","","Part VI.2 tax payable"
MJRAW.SLIPA[5].TtwrawA600,"","","Allocation of the income deduction"
MJRAW.SLIPA[5].TtwrawA609,"","","Part VI.2 tax payable"
MJRAW.SLIPA[6].TtwrawA600,"","","Allocation of the income deduction"
MJRAW.SLIPA[6].TtwrawA609,"","","Part VI.2 tax payable"
MJRAW.SLIPA[7].TtwrawA600,"","","Allocation of the income deduction"
MJRAW.SLIPA[7].TtwrawA609,"","","Part VI.2 tax payable"
MJRAW.SLIPA[8].TtwrawA600,"","","Allocation of the income deduction"
MJRAW.SLIPA[8].TtwrawA609,"","","Part VI.2 tax payable"
MJRAW.SLIPA[9].TtwrawA600,"","","Allocation of the income deduction"
MJRAW.SLIPA[9].TtwrawA609,"","","Part VI.2 tax payable"
MJRAW.SLIPA[10].TtwrawA600,"","","Allocation of the income deduction"
MJRAW.SLIPA[10].TtwrawA609,"","","Part VI.2 tax payable"
MJRAW.SLIPA[11].TtwrawA600,"","","Allocation of the income deduction"
MJRAW.SLIPA[11].TtwrawA609,"","","Part VI.2 tax payable"
MJRAW.SLIPA[12].TtwrawA600,"","","Allocation of the income deduction"
MJRAW.SLIPA[12].TtwrawA609,"","","Part VI.2 tax payable"
MJRAW.SLIPA[13].TtwrawA600,"","","Allocation of the income deduction"
MJRAW.SLIPA[13].TtwrawA609,"","","Part VI.2 tax payable"
MJRAW.SLIPA[14].TtwrawA600,"","","Allocation of the income deduction"
MJRAW.SLIPA[14].TtwrawA609,"","","Part VI.2 tax payable"
MJRAW.SLIPA[15].TtwrawA600,"","","Allocation of the income deduction"
MJRAW.SLIPA[15].TtwrawA609,"","","Part VI.2 tax payable"
MJRAW.SLIPA[2].TtwrawA311,"","","Taxable capital employed in Canada"
MJRAW.SLIPA[2].TtwrawA312,"","","Unused Part I tax credit from current and prior years and Part VI.2 tax credit from the current year"
MJRAW.SLIPA[2].TtwrawA313,"0","","Part VI tax payable"
MJRAW.SLIPA[3].TtwrawA311,"","","Taxable capital employed in Canada"
MJRAW.SLIPA[3].TtwrawA312,"","","Unused Part I tax credit from current and prior years and Part VI.2 tax credit from the current year"
MJRAW.SLIPA[3].TtwrawA313,"0","","Part VI tax payable"
MJRAW.SLIPA[4].TtwrawA311,"","","Taxable capital employed in Canada"
MJRAW.SLIPA[4].TtwrawA312,"","","Unused Part I tax credit from current and prior years and Part VI.2 tax credit from the current year"
MJRAW.SLIPA[4].TtwrawA313,"0","","Part VI tax payable"
MJRAW.SLIPA[5].TtwrawA311,"","","Taxable capital employed in Canada"
MJRAW.SLIPA[5].TtwrawA312,"","","Unused Part I tax credit from current and prior years and Part VI.2 tax credit from the current year"
MJRAW.SLIPA[5].TtwrawA313,"0","","Part VI tax payable"
MJRAW.SLIPA[6].TtwrawA311,"","","Taxable capital employed in Canada"
MJRAW.SLIPA[6].TtwrawA312,"","","Unused Part I tax credit from current and prior years and Part VI.2 tax credit from the current year"
MJRAW.SLIPA[6].TtwrawA313,"0","","Part VI tax payable"
MJRAW.SLIPA[7].TtwrawA311,"","","Taxable capital employed in Canada"
MJRAW.SLIPA[7].TtwrawA312,"","","Unused Part I tax credit from current and prior years and Part VI.2 tax credit from the current year"
MJRAW.SLIPA[7].TtwrawA313,"0","","Part VI tax payable"
MJRAW.SLIPA[8].TtwrawA311,"","","Taxable capital employed in Canada"
MJRAW.SLIPA[8].TtwrawA312,"","","Unused Part I tax credit from current and prior years and Part VI.2 tax credit from the current year"
MJRAW.SLIPA[8].TtwrawA313,"0","","Part VI tax payable"
MJRAW.SLIPA[9].TtwrawA311,"","","Taxable capital employed in Canada"
MJRAW.SLIPA[9].TtwrawA312,"","","Unused Part I tax credit from current and prior years and Part VI.2 tax credit from the current year"
MJRAW.SLIPA[9].TtwrawA313,"0","","Part VI tax payable"
MJRAW.SLIPA[10].TtwrawA311,"","","Taxable capital employed in Canada"
MJRAW.SLIPA[10].TtwrawA312,"","","Unused Part I tax credit from current and prior years and Part VI.2 tax credit from the current year"
MJRAW.SLIPA[10].TtwrawA313,"0","","Part VI tax payable"
MJRAW.SLIPA[11].TtwrawA311,"","","Taxable capital employed in Canada"
MJRAW.SLIPA[11].TtwrawA312,"","","Unused Part I tax credit from current and prior years and Part VI.2 tax credit from the current year"
MJRAW.SLIPA[11].TtwrawA313,"0","","Part VI tax payable"
MJRAW.SLIPA[12].TtwrawA311,"","","Taxable capital employed in Canada"
MJRAW.SLIPA[12].TtwrawA312,"","","Unused Part I tax credit from current and prior years and Part VI.2 tax credit from the current year"
MJRAW.SLIPA[12].TtwrawA313,"0","","Part VI tax payable"
MJRAW.SLIPA[13].TtwrawA311,"","","Taxable capital employed in Canada"
MJRAW.SLIPA[13].TtwrawA312,"","","Unused Part I tax credit from current and prior years and Part VI.2 tax credit from the current year"
MJRAW.SLIPA[13].TtwrawA313,"0","","Part VI tax payable"
MJRAW.SLIPA[14].TtwrawA311,"","","Taxable capital employed in Canada"
MJRAW.SLIPA[14].TtwrawA312,"","","Unused Part I tax credit from current and prior years and Part VI.2 tax credit from the current year"
MJRAW.SLIPA[14].TtwrawA313,"0","","Part VI tax payable"
MJRAW.SLIPA[15].TtwrawA311,"","","Taxable capital employed in Canada"
MJRAW.SLIPA[15].TtwrawA312,"","","Unused Part I tax credit from current and prior years and Part VI.2 tax credit from the current year"
MJRAW.SLIPA[15].TtwrawA313,"0","","Part VI tax payable"
MJRAW.SLIPA[2].TtwrawA457,"","","Newfoundland and Labrador capital tax on financial institutions"
MJRAW.SLIPA[3].TtwrawA457,"","","Newfoundland and Labrador capital tax on financial institutions"
MJRAW.SLIPA[4].TtwrawA457,"","","Newfoundland and Labrador capital tax on financial institutions"
MJRAW.SLIPA[5].TtwrawA457,"","","Newfoundland and Labrador capital tax on financial institutions"
MJRAW.SLIPA[6].TtwrawA457,"","","Newfoundland and Labrador capital tax on financial institutions"
MJRAW.SLIPA[7].TtwrawA457,"","","Newfoundland and Labrador capital tax on financial institutions"
MJRAW.SLIPA[8].TtwrawA457,"","","Newfoundland and Labrador capital tax on financial institutions"
MJRAW.SLIPA[9].TtwrawA457,"","","Newfoundland and Labrador capital tax on financial institutions"
MJRAW.SLIPA[10].TtwrawA457,"","","Newfoundland and Labrador capital tax on financial institutions"
MJRAW.SLIPA[11].TtwrawA457,"","","Newfoundland and Labrador capital tax on financial institutions"
MJRAW.SLIPA[12].TtwrawA457,"","","Newfoundland and Labrador capital tax on financial institutions"
MJRAW.SLIPA[13].TtwrawA457,"","","Newfoundland and Labrador capital tax on financial institutions"
MJRAW.SLIPA[14].TtwrawA457,"","","Newfoundland and Labrador capital tax on financial institutions"
MJRAW.SLIPA[15].TtwrawA457,"","","Newfoundland and Labrador capital tax on financial institutions"
MJRAW.SLIPA[2].TtwrawA324,"","","Nova Scotia financial institutions capital tax"
MJRAW.SLIPA[3].TtwrawA324,"","","Nova Scotia financial institutions capital tax"
MJRAW.SLIPA[4].TtwrawA324,"","","Nova Scotia financial institutions capital tax"
MJRAW.SLIPA[5].TtwrawA324,"","","Nova Scotia financial institutions capital tax"
MJRAW.SLIPA[6].TtwrawA324,"","","Nova Scotia financial institutions capital tax"
MJRAW.SLIPA[7].TtwrawA324,"","","Nova Scotia financial institutions capital tax"
MJRAW.SLIPA[8].TtwrawA324,"","","Nova Scotia financial institutions capital tax"
MJRAW.SLIPA[9].TtwrawA324,"","","Nova Scotia financial institutions capital tax"
MJRAW.SLIPA[10].TtwrawA324,"","","Nova Scotia financial institutions capital tax"
MJRAW.SLIPA[11].TtwrawA324,"","","Nova Scotia financial institutions capital tax"
MJRAW.SLIPA[12].TtwrawA324,"","","Nova Scotia financial institutions capital tax"
MJRAW.SLIPA[13].TtwrawA324,"","","Nova Scotia financial institutions capital tax"
MJRAW.SLIPA[14].TtwrawA324,"","","Nova Scotia financial institutions capital tax"
MJRAW.SLIPA[15].TtwrawA324,"","","Nova Scotia financial institutions capital tax"
MJRAW.SLIPA[2].TtwrawA509,"","","Taxable income before deduction"
MJRAW.SLIPA[2].TtwrawA510,"","","Tax payable"
MJRAW.SLIPA[3].TtwrawA509,"","","Taxable income before deduction"
MJRAW.SLIPA[3].TtwrawA510,"","","Tax payable"
MJRAW.SLIPA[4].TtwrawA509,"","","Taxable income before deduction"
MJRAW.SLIPA[4].TtwrawA510,"","","Tax payable"
MJRAW.SLIPA[5].TtwrawA509,"","","Taxable income before deduction"
MJRAW.SLIPA[5].TtwrawA510,"","","Tax payable"
MJRAW.SLIPA[6].TtwrawA509,"","","Taxable income before deduction"
MJRAW.SLIPA[6].TtwrawA510,"","","Tax payable"
MJRAW.SLIPA[7].TtwrawA509,"","","Taxable income before deduction"
MJRAW.SLIPA[7].TtwrawA510,"","","Tax payable"
MJRAW.SLIPA[8].TtwrawA509,"","","Taxable income before deduction"
MJRAW.SLIPA[8].TtwrawA510,"","","Tax payable"
MJRAW.SLIPA[9].TtwrawA509,"","","Taxable income before deduction"
MJRAW.SLIPA[9].TtwrawA510,"","","Tax payable"
MJRAW.SLIPA[10].TtwrawA509,"","","Taxable income before deduction"
MJRAW.SLIPA[10].TtwrawA510,"","","Tax payable"
MJRAW.SLIPA[11].TtwrawA509,"","","Taxable income before deduction"
MJRAW.SLIPA[11].TtwrawA510,"","","Tax payable"
MJRAW.SLIPA[12].TtwrawA509,"","","Taxable income before deduction"
MJRAW.SLIPA[12].TtwrawA510,"","","Tax payable"
MJRAW.SLIPA[13].TtwrawA509,"","","Taxable income before deduction"
MJRAW.SLIPA[13].TtwrawA510,"","","Tax payable"
MJRAW.SLIPA[14].TtwrawA509,"","","Taxable income before deduction"
MJRAW.SLIPA[14].TtwrawA510,"","","Tax payable"
MJRAW.SLIPA[15].TtwrawA509,"","","Taxable income before deduction"
MJRAW.SLIPA[15].TtwrawA510,"","","Tax payable"
